Title,Website,Phone Number,Category,Reviews,Rating,Longitude,Latitude,Facility Wifi,Facility Projector,Facility Food & Drink,Facility Whiteboard,Facility AV Equipment,Facility Stationeries,Harga,Kapasitas,Size Room,Address,Kabupaten,Review,Image,Review_preprocessed,clean stopword
Ambhara Meeting Room,https://ambharahotel.com/meetings/,212700888,Meeting room,5,4.4,106.803342,-6.243314,Yes,Yes,Yes,No,Yes,Yes,200000,20,Medium,Jl. Iskandarsyah II. RT.5/RW.2. Melawai. Kec. Kby. Baru. Kota Jakarta Selatan. Daerah Khusus Ibukota Jakarta 12160,Jakarta Selatan,"Karena letak strategis didepan terminal blok dan pusat belanja Pasaraya, Ruangan nyaman Snack nya juga enak Pelayan dan teknisi cukup sigap melayani tamu, Bagus",https://ambharahotel.com/wp-content/uploads/2020/02/Grand-Ballroom-1-1.jpeg,karena letak strategis didepan terminal blok dan pusat belanja pasaraya ruangan nyaman snack juga enak pelayan dan teknisi cukup sigap melayani tamu bagus,letak strategis terminal blok pusat belanja pasaraya ruang nyaman snack layan teknisi sigap layan tamu bagus
Regus - Jakarta. The Vida,http://regus.com,2129778000,Office space rental agency,8,4.5,106.7595579,-6.1912112,Yes,Yes,No,No,No,Yes,190000,50,Medium,Jl. Raya Pejuangan No. 8 The Vida 7th floor. RT.1/RW.7. Kebon Jeruk. Kebonjeruk. West Jakarta City. Jakarta 11530,Jakarta Barat,"Ruangan bersih, nyaman serta pelayananya ramah, Great Office in West Java, wifi cepat, bersih dan nyaman, tampatnya terbuka, suasananya menyenangkan, ruang bersamanya bagus, staffnya sangat membantu, ruang meetingnya baik, ruangan bersih dan tidak berisik","https://assets.iwgplc.com/image/upload/c_fill,f_auto,q_auto,w_584/CentreImagery/3296/3296_3.jpg",ruangan bersih nyaman serta pelayana ramah great office in west java wifi cepat bersih dan nyaman tampat terbuka suasana menyenangkan ruang bersama bagus staff sangat membantu ruang meeting baik ruangan bersih dan tidak berisik,ruang bersih nyaman pelayana ramah great office in west java wifi cepat bersih nyaman tampat buka suasana senang ruang bagus staff bantu ruang meeting ruang bersih berisik
Wellspaces Kemang Coworking Space & Serviced Office,http://wellspaces.co,81318391205,Coworking space,345,4.6,106.8134905,-6.254505,No,Yes,Yes,No,No,No,150000,15,Small,Jl. Bangka XII No.4. RT.2/RW.7. Pela Mampang. Kec. Mampang Prpt.. Kota Jakarta Selatan. Daerah Khusus Ibukota Jakarta 12720,Jakarta Selatan,"Tempatnya asik, ke sini karena ada event ngumpulnya para start up jadi biar bisa sharing, Welspace kemang tempat nya mantep buat ngantor pokoknya sip, space buat parkir juga luas, Tempat yang bagus untuk bekerja Komunitas yang sangat nyaman, hidup dan konstruktif, Nyaman, Lokasi Strategis, Fasilitas Lengkap, Tempat kerja bersama yang sangat baik, Sinyal wifi kuat. Berbagai makanan ringan tersedia. Tempat parkir luas, cocok buat startup, Sekarang akses kesini, bisa dengan transjakarta loh, Tempat yang bagus untuk memulai startup Anda, space buat parkir juga luas, ",https://dfbok4z7i5u6t.cloudfront.net/thumbnail_500_320/property/2021/11/25/619f29292158e.jpg,tempat asik ke sini karena ada event ngumpul para start up jadi biar bisa sharing welspace kemang tempat mantep buat ngantor pokok sip space buat parkir juga luas tempat yang bagus untuk bekerja komunitas yang sangat nyaman hidup dan konstruktif nyaman lokasi strategis fasilitas lengkap tempat kerja bersama yang sangat baik sinyal wifi kuat berbagai makanan ringan tersedia tempat parkir luas cocok buat startup sekarang akses kesini bisa dengan transjakarta loh tempat yang bagus untuk memulai startup anda space buat parkir juga luas,asik event ngumpul start up biar sharing welspace kemang mantep ngantor pokok sip space parkir luas bagus komunitas nyaman hidup konstruktif nyaman lokasi strategis fasilitas lengkap sinyal wifi kuat makan ringan sedia parkir luas cocok startup akses kesini transjakarta loh bagus startup space parkir luas
US Coworking Space - PIK Avenue,http://betterwithus.id,8111085505,Coworking space,7496,4.3,106.7403778,-6.1097177,Yes,No,No,No,No,No,95000,12,Small,PIK Avenue. Level 6. Jl. Pantai Indah Kapuk. RT.6/RW.2. Kamal Muara. Kec. Penjaringan. Kota Jkt Utara. Daerah Khusus Ibukota Jakarta 14470,Jakarta Utara,"Tempatnya sepi enak buat kerja wifinya juga kencang untuk ukuran kantoran jadi mau doownload cepat juga,  Akses menuju mall bagus, Parkiran luas,  Pemandangan bagus,  Tempatnya tenang, enak buat ngerjain tugas atau kerjaan.. WiFi kencang, ada semacam kedai kopi, Unionspace memiliki banyak ruang kerja kantor yang bisa pribadi atau tim, tempatnya nyaman dan ada semacam bar untuk memesan kopi atau minuman lainnya, Parkiran tidak rapi karena makin siang makin penuh,  parkiran di basement dibikin paralel jadi lama2in, Parkiran mudah dapet ya, tinggal naik ajah ke atas, byk yg kosong loh, Parkir mobil gedung, jalan naiknya sempit jadi siap2 buat mobil gede, ga ada parkiran pas Jumat malem,  parkiran waktu itu kesana sih gak susah cari, diskriminasi utk parkir motor, pelayanan seadanya",https://s3-ap-southeast-1.amazonaws.com/xwork-gallery/rooms/images/799/1510822454.98/799_1510822454.98.lg.JPEG,tempat sepi enak buat kerja wifi juga kencang untuk ukuran kantoran jadi mau doownload cepat juga akses menuju mall bagus parkiran luas pemandangan bagus tempat tenang enak buat ngerjain tugas atau kerjaan wifi kencang ada semacam kedai kopi unionspace memiliki banyak ruang kerja kantor yang bisa pribadi atau tim tempat nyaman dan ada semacam bar untuk memesan kopi atau minuman lain parkiran tidak rapi karena makin siang makin penuh parkiran di basement dibikin paralel jadi lama in parkiran mudah dapet ya tinggal naik ajah ke atas byk yg kosong loh parkir mobil gedung jalan naik sempit jadi siap buat mobil gede ga ada parkiran pas jumat malem parkiran waktu itu kesana sih gak susah cari diskriminasi utk parkir motor pelayanan seada,sepi wifi kencang ukur kantor doownload cepat akses mall bagus parkir luas pandang bagus tenang ngerjain tugas wifi kencang kedai kopi unionspace milik ruang kantor pribadi tim nyaman bar mes kopi minum parkir rapi siang penuh parkir basement bikin paralel in parkir mudah dapet tinggal ajah byk yg kosong loh parkir mobil gedung jalan sempit mobil gede ga parkir pas jumat malem parkir kesana sih gak susah cari diskriminasi utk parkir motor layan
MARQUEE - Equity Tower,http://marqueeoffices.com,2175999999,Office space rental agency,198,4.4,106.8086606,-6.2268442,Yes,Yes,Yes,Yes,No,Yes,250000,20,Medium,Equity Tower Building 35-37th floor. Jl. Jend. sudirman kav 52-53. RT.5/RW.3. Senayan. SCBD. South Jakarta City. Jakarta 12190,Jakarta Selatan,"Nice looking,  bersih aman sudah pasti,  yg luar biasa akses lift gak ribet sampai lantai 49, Nice Office,Nice View. Trouble hanya di sinyal hp, Kantornya bagus dan bersih, keamanan bagus sekali, Banyak fasilitas untuk menunjang kinerja perkantoran, Bagus dan strategis, Tmptnya bagus dan bersih, Pusat kawasan perkantoran di kawasan SCBD Sudirman Jakpus, ",https://marqueeoffices.com/images/service/meet-back.png,nice looking bersih aman sudah pasti yg luar biasa akses lift gak ribet sampai lantai nice office nice view trouble ha di sinyal hp kantor bagus dan bersih keamanan bagus sekali banyak fasilitas untuk menunjang kinerja perkantoran bagus dan strategis tmpt bagus dan bersih pusat kawasan perkantoran di kawasan scbd sudirman jakpus,nice looking bersih aman yg akses lift gak ribet lantai nice office nice view trouble ha sinyal hp kantor bagus bersih aman bagus fasilitas tunjang kantor bagus strategis tmpt bagus bersih pusat kawasan kantor kawasan scbd sudirman jakpus
GoWork Plaza Indonesia - Coworking and Office Space,http://go-work.com,2129922823,Coworking space,170,4.8,106.8218765,-6.1925892,Yes,Yes,No,Yes,No,No,130000,7,Small,Plaza Indonesia. Level 5 Unit E021AB. Jl. M.H. Thamrin No.Kav. 28-30. Daerah Khusus Ibukota Jakarta 10350,Jakarta Pusat,"ruang meeting yang didesain menarik, perencanaan yang fleksibel, mesin pencetak, ruang acara eksklusif dan workshop, hingga makanan dan minuman,  Ke sini buat ngungsi virtual meeting karena kantor lagi tutup. Tempatnya nyaman banget..millenial banget.. free teh, kopi, dan air putih, tp self service, tempat ini juga cocok untuk mengadakan konferensi ataupun pertemuan (meeting). Lokasinya cukup strategis, dapat dijangkau dengan Transjakarta & MRT Jakarta, Bagus banget nih kantornya, saya sewa room meeting dan fasilitasnya bagus banget.. semuanya siap membantu dari karyawan hingga OB nya.. good job, Nyaman untuk meeting & bekerja, Protokol kesehatan ketat, Tempatnya keren, sangat strategis, akses mudah dan recomended banget deh pokonya buat kerja, nyaman dan asik bgt",https://ofiskita.com///laravel-filemanager/photos/shares/Artikel%20-%20Office%20Services/Oktober%202019/5%20Coworking%20Space%20Yang%20Dekat%20Dengan%20Stasiun%20MRT-ofiskita.png,ruang meeting yang didesain menarik perencanaan yang fleksibel mesin pencetak ruang acara eksklusif dan workshop hingga makanan dan minuman ke sini buat ngungsi virtual meeting karena kantor lagi tutup tempat nyaman banget millenial banget free teh kopi dan air putih tp self service tempat ini juga cocok untuk mengadakan konferensi ataupun pertemuan meeting lokasi cukup strategis dapat dijangkau dengan transjakarta mrt jakarta bagus banget nih kantor saya sewa room meeting dan fasilitas bagus banget semua siap membantu dari karyawan hingga ob good job nyaman untuk meeting bekerja protokol kesehatan ketat tempat keren sangat strategis akses mudah dan recomended banget deh poko buat kerja nyaman dan asik bgt,ruang meeting desain tarik rencana fleksibel mesin cetak ruang acara eksklusif workshop makan minum ngungsi virtual meeting kantor tutup nyaman banget millenial banget free teh kopi air putih tp self service cocok konferensi temu meeting lokasi strategis jangkau transjakarta mrt jakarta bagus banget nih kantor sewa room meeting fasilitas bagus banget bantu karyawan ob good job nyaman meeting protokol sehat ketat keren strategis akses mudah recomended banget deh poko nyaman asik bgt
Apiary Coworking Space (Puri),http://apiary.id,2130497711,Event venue,162,4.6,106.7385123,-6.1885088,Yes,Yes,Yes,Yes,No,No,150000,12,Small,Lippo St. Moritz Office Tower (Floor 9. Unit 901. Jl. Puri Indah Raya. RT.1/RW.2. South Kembangan. Kembangan. West Jakarta City. Jakarta 11610,Jakarta Barat,"fasilitanya cukup lengkap ada wifi , proyektor , TV, dan sebagainya, Nyaman untuk bekerja. Ada beberapa ruang tertutup, bisa digunakan untuk meeting maupun training, dilengkap dengan sarana yang diperlukan, seperti Layar, LCD Proyektor, Flipchart , Tempat yang bagus untuk bekerja. Mudah diakses. Memiliki WiFi dan minuman. Dan berbiaya rendah, Tempat yang bagus. Lingkungan yang bagus, Suasana tempat nyaman, begitu dekat dengan Mall tetapi sulit untuk menemukan masjid, Ruang kerja bersama yang nyaman, terintegrasi dengan mal besar",https://s3-ap-southeast-1.amazonaws.com/xwork-gallery/rooms/images/825/1523934628.92/825_1523934628.92.ori.JPEG,fasilita cukup lengkap ada wifi proyektor tv dan sebagai nyaman untuk bekerja ada beberapa ruang tertutup bisa digunakan untuk meeting maupun training dilengkap dengan sarana yang diperlukan seperti layar lcd proyektor flipchart tempat yang bagus untuk bekerja mudah diakses memiliki wifi dan minuman dan berbiaya rendah tempat yang bagus lingkungan yang bagus suasana tempat nyaman begitu dekat dengan mall tetapi sulit untuk menemukan masjid ruang kerja bersama yang nyaman terintegrasi dengan mal besar,fasilita lengkap wifi proyektor tv nyaman ruang tutup meeting training lengkap sarana layar lcd proyektor flipchart bagus mudah akses milik wifi minum biaya rendah bagus lingkung bagus suasana nyaman mall sulit temu masjid ruang nyaman integrasi mal
MULA by Galeria Jakarta,http://mulaindonesia.com,8111123423,Coworking space,505,4.7,106.799757,-6.291122,Yes,Yes,No,No,No,No,70000,5,Small,Jl. T.B. Simatupang Kav. 17. Cilandak Barat. RT.2/RW.1. Cilandak. RT.6/RW.9. Cilandak Bar.. Kec. Cilandak. Daerah Khusus Ibukota Jakarta 12430,Jakarta Selatan,"bagi yg perlu bisnis, rapat dlsb dgn ruang rapat, kantor virtual, Mula mjd salah satu pilihan..strategis lokasinya di Citos, Terletak di dekat tempat parkir, ada beberapa konsep ruang meeting yang sesuai dengan jumlah peserta meeting. Banyak ruang khusus yang bisa dijadikan tempat seminar , Tempat meet up yg strategis dgn fasilitas yg memadai dan harga wajar. Banyak orang sering ke Citos, tapi tidak tahu kalau ada ruang pertemuan dgn berbagai ukuran (4-70 orang). Parkir luas dan banyak kuliner pendukung, Tempat yang menyenangkan untuk bertemu dan bekerja. Banyak tempat parkir luas, Musala terletak di dekat parkir mobil, Parkir luas dan banyak kuliner pendukung, Tempat yang mudah ditemukan karena berada di dekat dengan parkir kendaran di citos, Tempat yang bagus untuk bekerja dan hangout pada saat yang sama, banyak tempat parkir",https://mulaindonesia.com/wp-content/uploads/2020/07/SMOKING-AREA_RUANG-BALE-391x260.jpg,bagi yg perlu bisnis rapat dlsb dgn ruang rapat kantor virtual mula mjd salah satu pilihan strategis lokasi di citos terletak di dekat tempat parkir ada beberapa konsep ruang meeting yang sesuai dengan jumlah peserta meeting banyak ruang khusus yang bisa dijadikan tempat seminar tempat meet up yg strategis dgn fasilitas yg memadai dan harga wajar banyak orang sering ke citos tapi tidak tahu kalau ada ruang pertemuan dgn berbagai ukuran orang parkir luas dan banyak kuliner pendukung tempat yang menyenangkan untuk bertemu dan bekerja banyak tempat parkir luas musala terletak di dekat parkir mobil parkir luas dan banyak kuliner pendukung tempat yang mudah ditemukan karena berada di dekat dengan parkir kendaran di citos tempat yang bagus untuk bekerja dan hangout pada saat yang sama banyak tempat parkir,yg bisnis rapat dlsb dgn ruang rapat kantor virtual mjd salah pilih strategis lokasi citos letak parkir konsep ruang meeting sesuai meeting ruang seminar meet up yg strategis dgn fasilitas yg harga wajar citos ruang temu dgn ukur parkir luas kuliner dukung senang temu parkir luas musala letak parkir mobil parkir luas kuliner dukung mudah temu parkir kendaran citos bagus hangout parkir
GoWork Pacific Place - Coworking and Office Space,http://go-work.com,215152000,Coworking space,224,4.7,106.8099103,-6.224618,Yes,Yes,No,Yes,No,No,130000,20,Medium,Pacific Place Mall. Level 1. Jl. Jenderal Sudirman Jl. Scbd No.52-53. RT.5/RW.3. Senayan. Kec. Kby. Baru. Kota Jakarta Selatan. Daerah Khusus Ibukota Jakarta 12190,Jakarta Selatan,"tempatnya sangat cozy untuk mengadakan meeting dan event,facilitas yang di sediakan juga lengkap sangat recommend,  Tempat yang nyaman untuk meeting, SANGAT SANGAT MEREKOMENDASIKAN UNTUK TINGGAL selama sehari dan tetap fokus untuk rapat. wifi sangat cepat ï¸ Sangat Senang, empat utama, mudah dijangkau. Wi-Fi super. Tempat yang strategis. Harga yang wajar",https://go-work.com/assets/images/meeting-room/pp.jpg,tempat sangat cozy untuk mengadakan meeting dan event facilitas yang di sediakan juga lengkap sangat recommend tempat yang nyaman untuk meeting sangat sangat merekomendasikan untuk tinggal selama sehari dan tetap fokus untuk rapat wifi sangat cepat sangat senang empat utama mudah dijangkau wi fi super tempat yang strategis harga yang wajar,cozy meeting event facilitas sedia lengkap recommend nyaman meeting rekomendasi tinggal fokus rapat wifi cepat senang utama mudah jangkau wi fi super strategis harga wajar
GoWork Setiabudi,http://go-work.com,2129264178,Coworking space,147,4.6,106.8300604,-6.216292,Yes,Yes,No,Yes,No,No,130000,20,Medium,Setiabudi 2 Building. Ground. Jl. H. R. Rasuna Said No.Kav. 62. RT.6/RW.7. Kuningan. Karet Kuningan. Kecamatan Setiabudi. Kota Jakarta Selatan. Daerah Khusus Ibukota Jakarta 12920,Jakarta Selatan,"Bersih, nyaman, dan tenang. Udah gitu sekelilingnya rame banget kan karena di setiabudi one. Overall gue recommend ini tempat buat kalian yg pengen kerja sambil nyantai, Tempat bekerja yang nyaman. Ada ruang pribadi kecil tertutup yang bisa digunakan untuk kepentingan rapat. Petugas ramah, Tempatnya nyaman untuk meeting,bersih dan staffnya helpfull, untuk staff front desk dimohon lebih ramah, sama sekali tidak ada senyum. Terkesan jutek. Staff front desk laki laki dan perempuan sama-sama jutek, tidak senyum sama sekali, Ruangan nya lumayan bagus, modern dan memadai utk pertemuan",https://blog.go-work.com/wp-content/uploads/2018/07/Kuningan-Meeting-Room-500x333.jpg,bersih nyaman dan tenang udah gitu sekeliling rame banget kan karena di setiabudi one overall gue recommend ini tempat buat kalian yg pengen kerja sambil nyantai tempat bekerja yang nyaman ada ruang pribadi kecil tertutup yang bisa digunakan untuk kepentingan rapat petugas ramah tempat nyaman untuk meeting bersih dan staff helpfull untuk staff front desk dimohon lebih ramah sama sekali tidak ada senyum terkesan jutek staff front desk laki laki dan perempuan sama sama jutek tidak senyum sama sekali ruangan lumayan bagus modern dan memadai utk pertemuan,bersih nyaman tenang udah gitu keliling rame banget setiabudi one overall gue recommend yg ken nyantai nyaman ruang pribadi tutup rapat tugas ramah nyaman meeting bersih staff helpfull staff front desk ramah senyum kes jutek staff front desk laki laki perempuan jutek senyum ruang lumayan bagus modern utk temu
GoWork Central Park - Coworking and Office Space,http://go-work.com,2150928959,Coworking space,119,4.9,106.7913133,-6.177408,Yes,Yes,No,Yes,No,No,130000,14,Small,Central Park Mall. Level LG. Unit L109-114. Jl. Letjen S. Parman. Daerah Khusus Ibukota Jakarta 11470,Jakarta Barat,"tempat dan fasilitas ruang kerja yang unik, beda banget vibesnya. Kerja jadi lebih asik, Lokasi startegis .coworking space dengan tempat yg cozy .internet stabil dan meeting room yang oke, Fasilitas dan fasilitasnya bagus, Anda dapat memiliki ruang pertemuan dan fasilitas lainnya seperti percetakan, empat yang sangat nyaman untuk bekerja. Lokasi sangat bagus. Dan, saya sangat menyukai desainnya, Ruang, suasana, dan layanan hebat untuk membangun sebuah startup. Saya dan tim saya sangat menikmati bekerja di sini! Banyak ruang bersama dengan berbagai desain untuk membantu kita fokus dan lebih kreatif. Terima kasih juga untuk semua staf yang membantu",https://www.centralparkjakarta.com/wp-content/uploads/2020/07/gowork-photo-1.jpg,tempat dan fasilitas ruang kerja yang unik beda banget vibes kerja jadi lebih asik lokasi startegis coworking space dengan tempat yg cozy internet stabil dan meeting room yang oke fasilitas dan fasilitas bagus anda dapat memiliki ruang pertemuan dan fasilitas lain seperti percetakan empat yang sangat nyaman untuk bekerja lokasi sangat bagus dan saya sangat menyukai desain ruang suasana dan layanan hebat untuk membangun sebuah startup saya dan tim saya sangat menikmati bekerja di sini banyak ruang bersama dengan berbagai desain untuk membantu kita fokus dan lebih kreatif terima kasih juga untuk semua staf yang membantu,fasilitas ruang unik beda banget vibes asik lokasi startegis coworking space yg cozy internet stabil meeting room oke fasilitas fasilitas bagus milik ruang temu fasilitas cetak nyaman lokasi bagus suka desain ruang suasana layan hebat bangun buah startup tim nikmat ruang desain bantu fokus kreatif terima kasih staf bantu
Le Aman Workspace,http://desty.page,81388141410,Coworking space,59,4.9,106.7992444,-6.2631786,Yes,Yes,Yes,No,No,No,375000,15,Medium,Duta Mas Fatmawati Blok D2. 9 -10. Jl. Fatmawati No.39. Jakarta. Daerah Khusus Ibukota Jakarta 12150,Jakarta Selatan,"Tempat nya nyaman, mudah dijangkau  dan akses yg mudah ke pusat kota karena dekat dengan stasiun MRT, dan yg satu lagi Free Coffee and Tea,  Tempatnya nyaman bngt buat fokus kerja, ngerjain project dan meeting, Sewa Ruang Meeting di hari Minggu, cocok banget. Ruang lega sehingga tidak berhimpitan 15 Peserta ok banget, Coworking space yg enak dan nyaman, Suasananya juga enak buat kerja, Harganya juga terjangkau dan banyak makanan yg enak di food court itc fatmawati, Tempat yang nyaman, mudah diakses karena ada di tengah kota",https://s3-ap-southeast-1.amazonaws.com/xwork-gallery/rooms/images/5931/1626075956.05/5931_1626075956.05.lg.JPEG,tempat nyaman mudah dijangkau dan akses yg mudah ke pusat kota karena dekat dengan stasiun mrt dan yg satu lagi free coffee and tea tempat nyaman bngt buat fokus kerja ngerjain project dan meeting sewa ruang meeting di hari minggu cocok banget ruang lega sehingga tidak berhimpitan peserta ok banget coworking space yg enak dan nyaman suasana juga enak buat kerja harga juga terjangkau dan banyak makanan yg enak di food court itc fatmawati tempat yang nyaman mudah diakses karena ada di tengah kota,nyaman mudah jangkau akses yg mudah pusat kota stasiun mrt yg free coffee and tea nyaman bngt fokus ngerjain project meeting sewa ruang meeting minggu cocok banget ruang lega berhimpitan ok banget coworking space yg nyaman suasana harga jangkau makan yg food court itc fatmawati nyaman mudah akses kota
CEO SUITE AXA Tower,http://ceosuite.com,2130053500,Business center,37,4.8,106.8292895,-6.2247829,Yes,Yes,No,No,Yes,Yes,200000,30,Medium,AXA Tower. 45th Floor. Jl. Prof. DR. Satrio No.Kav. 18. RT.14/RW.4. Kuningan. Kuningan City. Setiabudi. South Jakarta City. Jakarta 12940,Jakarta Selatan,"Tempat kantor terbaik di sekitar Kuningan. Staf mereka sangat profesional. 5 bintang dan layanan yang sangat baik, Saya suka pemandangan dari sudut kantor saya, salah satu yang terbaik di industri kantor layanan, Para karyawan memiliki etos kerja profesional dan ruangan kerja sangat elegan, saya harus mengatakan kantor ini memiliki suasana bintang 5, lounge yang nyaman, dan staf profesional dengan lokasi yang strategis, Tempat kantor terbaik di sekitar Kuningan. Staf mereka sangat profesional. 5 bintang dan layanan yang sangat baik",https://www.ceosuite.com/wp-content/uploads/2017/10/Jakarta-AXA-Tower-Boardroom-1.jpg?x19230,tempat kantor terbaik di sekitar kuningan staf mereka sangat profesional bintang dan layanan yang sangat baik saya suka pemandangan dari sudut kantor saya salah satu yang terbaik di industri kantor layanan para karyawan memiliki etos kerja profesional dan ruangan kerja sangat elegan saya harus mengatakan kantor ini memiliki suasana bintang lounge yang nyaman dan staf profesional dengan lokasi yang strategis tempat kantor terbaik di sekitar kuningan staf mereka sangat profesional bintang dan layanan yang sangat baik,kantor kuningan staf profesional bintang layan suka pandang sudut kantor salah industri kantor layan karyawan milik etos profesional ruang elegan kantor milik suasana bintang lounge nyaman staf profesional lokasi strategis kantor kuningan staf profesional bintang layan
Holiday Inn & Suites Jakarta Gajah Mada. an IHG Hotel,http://ihg.com,2129776800,Conference center,2282,4.7,106.8150859,-6.1452151,Yes,Yes,Yes,Yes,Yes,Yes,300000,30,Medium,Jl. Gajah Mada No.211. RT.14/RW.1. Glodok. Kec. Taman Sari. Kota Jakarta Barat. Daerah Khusus Ibukota Jakarta 11120,Jakarta Barat,"Ruang rapat besar dan bersih, jenis makanan di restonya banyak dan enak-enak. Banquet, teknisi, dan marketingnya juga fast respon kalo ada kebutuhan. Lokasi strategis walaupun jalan menuju ke sini bakalan banyak macetnya. Kamarnya luas dan bersih, ruang pertemuan juga representatif, Hotelnya bagus, ruang meeting besar, kamar nyaman dan luas, makanan enak dan banyak pilihan,Lokasi strategis, parkir luas, banyak pungli parkir di area parkir, parkir gampang, Parkiran dilarang cuci mobil, mudah minta free parking , parkir gabung dengan citywalk, Kelemahannya adalah di parkiran, tidak ada Free Valet untuk Tamu Hotel, atau seengaknya ada Parkir Khusus untuk Tamu Hotel. Parkiran di Gabung dengan Mall",https://cdn-5e8d3114f911ca0ca0d2b972.closte.com/wp-content/uploads/2020/05/Sunda-Kelapa.jpg,ruang rapat besar dan bersih jenis makanan di resto banyak dan enak enak banquet teknisi dan marketing juga fast respon kalo ada kebutuhan lokasi strategis walaupun jalan menuju ke sini bakalan banyak macet kamar luas dan bersih ruang pertemuan juga representatif hotel bagus ruang meeting besar kamar nyaman dan luas makanan enak dan banyak pilihan lokasi strategis parkir luas banyak pungli parkir di area parkir parkir gampang parkiran dilarang cuci mobil mudah minta free parking parkir gabung dengan citywalk kelemahan adalah di parkiran tidak ada free valet untuk tamu hotel atau seengak ada parkir khusus untuk tamu hotel parkiran di gabung dengan mall,ruang rapat bersih jenis makan resto banquet teknisi marketing fast respon kalo butuh lokasi strategis jalan macet kamar luas bersih ruang temu representatif hotel bagus ruang meeting kamar nyaman luas makan pilih lokasi strategis parkir luas pungli parkir area parkir parkir gampang parkir larang cuci mobil mudah free parking parkir gabung citywalk lemah parkir free valet tamu hotel seengak parkir tamu hotel parkir gabung mall
Graha Niaga Thamrin,https://www.osvas.com/,2121392280,Office space rental agency,871,4.4,106.815743,-6.197251,No,No,No,Yes,No,No,150000,20,Medium,Jl. K.H. Mas Mansyur No.2. RT.2/RW.8. Kb. Melati. Kecamatan Tanah Abang. Kota Jakarta Pusat. Daerah Khusus Ibukota Jakarta 10230,Jakarta Pusat,"Tempat yang cukup stylish dan cozy. Bagus bagi perkembangan perusahan2 kecil, seperti StarUp2 yang baru mulai merintis usahanya. Gk punya kantor. Maka bisa memanfaatkan tempat ini untuk bekerja maupun meeting, Gedungnya fasilitas lengkap dan nyaman untuk meeting., Tempat yg cocok untuk meeting, Ada parkir sepeda dan harus lapor, dekat stasiun karet, parkiran ada basement dan diluar, Dari security hingga CS ramah.. Loading dock di samping gedung terlalu sempit banyak truk parkir, susah manuver parkir mundur.. biaya parkir 1 jam Rp. 5000,-, Buat yg mau masuk ke parkiran, jangan lupa sediain Flazz/e-money, bayar parkir gabisa pakai cash, Tolong untuk parkiran bagi petugas parkirnya di siap kan untuk kartu flazz nya, teruntuk pengendara yg tidak punya kartu flazz, komplek perkantoran dgn fasilitas parkir dan masjid yg luas",https://s3-ap-southeast-1.amazonaws.com/xwork-gallery/rooms/images/1676/1527041799.99/1676_1527041799.99.lg.JPEG,tempat yang cukup stylish dan cozy bagus bagi perkembangan perusahan kecil seperti starup yang baru mulai merintis usaha gk pu kantor maka bisa memanfaatkan tempat ini untuk bekerja maupun meeting gedung fasilitas lengkap dan nyaman untuk meeting tempat yg cocok untuk meeting ada parkir sepeda dan harus lapor dekat stasiun karet parkiran ada basement dan diluar dari security hingga cs ramah loading dock di samping gedung terlalu sempit banyak truk parkir susah manuver parkir mundur biaya parkir jam rp buat yg mau masuk ke parkiran jangan lupa sediain flazz e money bayar parkir gabisa pakai cash tolong untuk parkiran bagi petugas parkir di siap kan untuk kartu flazz teruntuk pengendara yg tidak pu kartu flazz komplek perkantoran dgn fasilitas parkir dan masjid yg luas,stylish cozy bagus kembang starup rintis usaha gk pu kantor manfaat meeting gedung fasilitas lengkap nyaman meeting yg cocok meeting parkir sepeda lapor stasiun karet parkir basement security cs ramah loading dock samping gedung sempit truk parkir susah manuver parkir mundur biaya parkir jam rp yg parkir lupa ain flazz money bayar parkir gabisa pakai cash tolong parkir tugas parkir kartu flazz kendara yg pu kartu flazz komplek kantor dgn fasilitas parkir masjid yg luas
Wyndham Casablanca Jakarta,http://wyndhamcasablancajakarta.com,218282000,Hotel,1798,4.6,106.8398614,-6.2245456,Yes,Yes,Yes,Yes,No,Yes,350000,50,Large,Jl. Raya Casablanca No.18. RT.4/RW.12. Menteng Dalam. Kec. Tebet. Kota Jakarta Selatan. Daerah Khusus Ibukota Jakarta 12870,Jakarta Selatan,"Lokasi strategis. Pelayanan ramah. Hanya saja sound system di meeting room nya kurang bagus, Sangat baik. Kamar bersih. meeting dengan kapasitas kurang dari 100 orang cukup banyak, Pelayanan ramah, parking area, restoran, kamar, ruang meeting dan keamanan yang baik, lokasi strategis di pusat kota dan dekat Cocas, asilitas parkir di basement sangat nyaman jika hujan, Kurangnya petugas yang standby di parkiran, sehingga banyak mobil yang parkir tidak sesuai pada tempatnya, Fasilitas parkir di basement sangat nyaman jika hujan. Akses parkir bisa menggunakan kartu flash/eMoney untuk buka tutup portalnya dan ini gratis asal didaftarkan di frontdesk, tiket parkir yang tertukar tidak jelas, Yang datang ke sini jangan lupa bawa uang elektronik (E-Toll) untuk bayar parkir. ( Mobil maupun Motor), Dan yang paling merepotkan adalah tempat parkirnya sangat dikit. Mobil saya harus mutar2 naik turun basemen buat cari tempat parkir. Yang ujung2nya malah parkir di luar, pelayanan sampai kamar baguss..parkir juga simple",https://pbs.twimg.com/media/EFIAOnrUYAAVNfs.jpg,lokasi strategis pelayanan ramah ha saja sound system di meeting room kurang bagus sangat baik kamar bersih meeting dengan kapasitas kurang dari orang cukup banyak pelayanan ramah parking area restoran kamar ruang meeting dan keamanan yang baik lokasi strategis di pusat kota dan dekat cocas asilitas parkir di basement sangat nyaman jika hujan kurang petugas yang standby di parkiran sehingga banyak mobil yang parkir tidak sesuai pada tempat fasilitas parkir di basement sangat nyaman jika hujan akses parkir bisa menggunakan kartu flash emoney untuk buka tutup portal dan ini gratis asal didaftarkan di frontdesk tiket parkir yang tertukar tidak jelas yang datang ke sini jangan lupa bawa uang elektronik e toll untuk bayar parkir mobil maupun motor dan yang paling merepotkan adalah tempat parkir sangat dikit mobil saya harus mutar naik turun basemen buat cari tempat parkir yang ujung malah parkir di luar pelayanan sampai kamar baguss parkir juga simple,lokasi strategis layan ramah ha sound system meeting room bagus kamar bersih meeting kapasitas layan ramah parking area restoran kamar ruang meeting aman lokasi strategis pusat kota cocas asilitas parkir basement nyaman hujan tugas standby parkir mobil parkir sesuai fasilitas parkir basement nyaman hujan akses parkir kartu flash emoney buka tutup portal gratis daftar frontdesk tiket parkir tukar lupa bawa uang elektronik toll bayar parkir mobil motor repot parkir dikit mobil mutar turun basemen cari parkir ujung parkir layan kamar baguss parkir simple
Balai Sidang Jakarta Convention Center,http://jcc.co.id,215726000,Convention center,36635,4.6,106.8072055,-6.2143089,Yes,Yes,Yes,No,Yes,Yes,520000,60,Large,Jl. Gatot Subroto No.1. RT.1/RW.3. Gelora. Kecamatan Tanah Abang. Kota Jakarta Pusat. Daerah Khusus Ibukota Jakarta 10270,Jakarta Pusat,"Tersedia beberapa fasilitas ruang meeting yang luas dengan akses yang mudah, tersedia tempat parkir yang luas, fasilitas pendukung seperti mushola, toilet, dan fasilitas lainnya tersedia, Fasilitas terlengkap untuk keperluan meeting, promo dan kegiatan sejenis, Ruang meeting luas, prokes ketat, toilet bersih, food n snack enak dan variatif, Tempat yang cocok untuk menyelenggarakan MICE (Meeting Incentive Conventions & Exhibitions), untuk parkir mobil ada berada di depan gedung, dan untuk naik motor kita bisa parkir di quatic stadium tidak begitu  jauh dari JCC, Lokasi strategis berada di lingkungan GBK, parkir mobil dan motor luas, Kekurangannya : tempat parkir yang minim kerapihan serta tidak adanya area ramah anak seperti area bermain mereka, Tempat parkir cukup luas namun mungkin anda bisaendapat slot parkir yang agak jauh dari gedung apabila banhak pengunjung yang parkir",https://myvenue.id/wp-content/uploads/2020/09/JCC-8.jpg,tersedia beberapa fasilitas ruang meeting yang luas dengan akses yang mudah tersedia tempat parkir yang luas fasilitas pendukung seperti mushola toilet dan fasilitas lain tersedia fasilitas terlengkap untuk keperluan meeting promo dan kegiatan sejenis ruang meeting luas prokes ketat toilet bersih food n snack enak dan variatif tempat yang cocok untuk menyelenggarakan mice meeting incentive conventions exhibitions untuk parkir mobil ada berada di depan gedung dan untuk naik motor kita bisa parkir di quatic stadium tidak begitu jauh dari jcc lokasi strategis berada di lingkungan gbk parkir mobil dan motor luas kekurangan tempat parkir yang minim kerapihan serta tidak ada area ramah anak seperti area bermain mereka tempat parkir cukup luas namun mungkin anda bisaendapat slot parkir yang agak jauh dari gedung apabila banhak pengunjung yang parkir,sedia fasilitas ruang meeting luas akses mudah sedia parkir luas fasilitas dukung mushola toilet fasilitas sedia fasilitas lengkap meeting promo giat jenis ruang meeting luas prokes ketat toilet bersih food snack variatif cocok selenggara mice meeting incentive conventions exhibitions parkir mobil gedung motor parkir quatic stadium jcc lokasi strategis lingkung gbk parkir mobil motor luas parkir minim kerapihan area ramah anak area main parkir luas bisaendapat slot parkir gedung banhak unjung parkir
Backspace,http://lippomallpuri.com,2122582888,Coworking space,53,4.3,106.7386566,-6.1905963,Yes,Yes,Yes,No,No,No,250000,20,Medium,RP5Q+QF7. Jl. Puri Indah Raya. RT.3/RW.2. Kembangan Sel.. Kec. Kembangan. Kota Jakarta Barat. Daerah Khusus Ibukota Jakarta 11610,Jakarta Barat,"Nyaman Buat di pakaii Meeting,  Nice place for training, meeting, or just work alone,  A good place to held meeting in the shopping mall, Nyaman dan bersih, Tempatnya nyaman dengan harga yang wajar., tempatnya bagus, Bersih dan nyaman dengan suasana luar biasa, cukup mahal, Tempat yang bagus untuk bekerja, wifi membutuhkan perbaikan, Suasana yang sangat menyenangkan untuk bekerja dan acara, Tempat pertemuan yang bagus",https://s3-ap-southeast-1.amazonaws.com/xwork-gallery/rooms/images/1792/1524802695.08/1792_1524802695.08.lg.JPEG,nyaman buat di pakaii meeting nice place for training meeting or just work alone a good place to held meeting in the shopping mall nyaman dan bersih tempat nyaman dengan harga yang wajar tempat bagus bersih dan nyaman dengan suasana luar biasa cukup mahal tempat yang bagus untuk bekerja wifi membutuhkan perbaikan suasana yang sangat menyenangkan untuk bekerja dan acara tempat pertemuan yang bagus,nyaman pakai meeting nice place for training meeting or just work alone good place to held meeting in the shopping mall nyaman bersih nyaman harga wajar bagus bersih nyaman suasana mahal bagus wifi butuh suasana senang acara temu bagus
Redtop Hotel & Convention Center,http://redtophotel.com,213500077,Hotel,4759,4.4,106.8268504,-6.1635795,Yes,Yes,Yes,Yes,Yes,No,1200000,60,Large,Jl. Pecenongan No.72. RT.2/RW.4. Kb. Klp.. Kecamatan Gambir. Kota Jakarta Pusat. Daerah Khusus Ibukota Jakarta 10120,Jakarta Pusat,"So far hotelnya nyaman, tersedia meeting room untuk kapasitas bervariasi. Makanannya enak. Recommended,  Lokasi strategis mudah ditemukan, parkir luas. Makanan enak dan bervariasi menunya. Ruang pertemuan yang luas. Kamar nyaman untuk berisitirahat. Hotel bergaya klasik,  cm parkir mobilnya aj yang kurang luas, Mungkin yang agak minus adalah akses ke tempat parkir basement yang harus muter dikit lewat tangga, Tempatnya nyaman, parkir luas, makan di restonya juga oke, lahan parkir memadai jumlahnya",https://d2ile4x3f22snf.cloudfront.net/wp-content/uploads/sites/29/2016/02/08065707/Jasper.jpg,so far hotel nyaman tersedia meeting room untuk kapasitas bervariasi makanan enak recommended lokasi strategis mudah ditemukan parkir luas makanan enak dan bervariasi menu ruang pertemuan yang luas kamar nyaman untuk berisitirahat hotel bergaya klasik cm parkir mobil aj yang kurang luas mungkin yang agak minus adalah akses ke tempat parkir basement yang harus muter dikit lewat tangga tempat nyaman parkir luas makan di resto juga oke lahan parkir memadai jumlah,so far hotel nyaman sedia meeting room kapasitas variasi makan recommended lokasi strategis mudah temu parkir luas makan variasi menu ruang temu luas kamar nyaman berisitirahat hotel gaya klasik cm parkir mobil aj luas minus akses parkir basement muter dikit tangga nyaman parkir luas makan resto oke lahan parkir
CEO SUITE Indonesia Stock Exchange,http://ceosuite.com,215157777,Business center,10,5.0,106.8086519,-6.2239292,Yes,Yes,Yes,No,No,No,200000,30,Medium,Jl. Jend. Sudirman Kav 52-53. 17th Floor Indonesia Stock Exchange. Tower 2 Jakarta. RT.10/RW.7. Senayan. Kebayoran Baru. South Jakarta City. Jakarta 12190,Jakarta Selatan,"Penyedia ruang kantor yang luar biasa, layanan ramah, pelayanan yang diberikan sangat baik dan mencakup semua segi untuk start up berbisnis, letak yang strategis, memudahkan untuk meeting point mengembangkan bisnis, Service office terbaik yg pernah saya kunjungi...selain tempatnya strategis,pelayanan dari stafnya juga sangat bagus, Design kantor yang bagus dengan pelayanan yang ramah, lengkap, serta cepat tanggap menjadikan CEO SUITE pilihan tepat bagi pebisnis seperti saya, pelayanan nya cepat, harga nya juga nggak mahal, dan kantor nya kerenn, Servis office yang saya kunjungi yg terbaik dan Bagus",https://www.ceosuite.com/wp-content/uploads/2017/10/jakarta-stock-exchange-boardroom-4.jpg?x19230,penyedia ruang kantor yang luar biasa layanan ramah pelayanan yang diberikan sangat baik dan mencakup semua segi untuk start up berbisnis letak yang strategis memudahkan untuk meeting point mengembangkan bisnis service office terbaik yg pernah saya kunjungi selain tempat strategis pelayanan dari staf juga sangat bagus design kantor yang bagus dengan pelayanan yang ramah lengkap serta cepat tanggap menjadikan ceo suite pilihan tepat bagi pebisnis seperti saya pelayanan cepat harga juga nggak mahal dan kantor kerenn servis office yang saya kunjungi yg terbaik dan bagus,sedia ruang kantor layan ramah layan cakup segi start up bisnis letak strategis mudah meeting point kembang bisnis service office yg kunjung strategis layan staf bagus design kantor bagus layan ramah lengkap cepat tanggap ceo suite pilih bisnis layan cepat harga nggak mahal kantor kerenn servis office kunjung yg bagus
GoWork Lippo Mall Kemang - Coworking and Office Space,http://go-work.com,2139707888,Coworking space,1,5.0,106.8126131,-6.262181,Yes,Yes,No,Yes,No,No,130000,10,Small,Marketing Gallery LMK. Kemang Village. GoWork. Jl. Pangeran Antasari No.36. Bangka. Kec. Mampang Prpt.. Daerah Khusus Ibukota Jakarta 12150,Jakarta Selatan,"Lahan parkir mobil dan motor ada,   Tempat yang cozy buat nongkrong, kerja dan juga meeting,  Bertempat di gedung yng lokasinya strategis, arsitektur dan interiornya modern, fun, artisti, simplicity dan elegan menjadikan GoWork Kemang 10 ini terasa mengasyikkan, lokasi mudah dijangkau, tempatnya nyaman dan bersih, stafnya ramah dan sangat membantu, menyenangkan. terima kasih, terasa seperti di rumah",https://kekantor.com/wp-content/uploads/2021/04/gowork-lippo-mall-kemang3-800x600.jpg,lahan parkir mobil dan motor ada tempat yang cozy buat nongkrong kerja dan juga meeting bertempat di gedung yng lokasi strategis arsitektur dan interior modern fun artisti simplicity dan elegan menjadikan gowork kemang ini terasa mengasyikkan lokasi mudah dijangkau tempat nyaman dan bersih staf ramah dan sangat membantu menyenangkan terima kasih terasa seperti di rumah,lahan parkir mobil motor cozy nongkrong meeting gedung yng lokasi strategis arsitektur interior modern fun artisti simplicity elegan gowork kemang asa asyik lokasi mudah jangkau nyaman bersih staf ramah bantu senang terima kasih asa rumah
CoHive 101 Mega Kuningan,http://cohive.space,2150820861,Coworking space,1052,4.6,106.8253118,-6.226179,Yes,Yes,No,No,No,No,99000,20,Medium,Kawasan. Jl. Mega Kuningan Barat No.1. RT.5/RW.2. Kuningan. Kuningan Tim.. Kecamatan Setiabudi. Kota Jakarta Selatan. Daerah Khusus Ibukota Jakarta 12950,Jakarta Selatan,"Murah , bersih, fasilitas lengkap..parkir luas, Tempatnya bersih, enak parkir & ada resto koi nya, okasi yang strategis, tempat yang nyaman, meskipun AC ruangannya terlalu dingin, Lokasi strategis dan sangat nyaman untuk meeting. Ditambah dengan staff CoHive yg juga sangat helpful, Kantor yang nyaman bersih dan bagus tapi sayang penjaga parkir apalagi yg perempuan TDK bersahabat dan terkesan sombong dan angkuh,saya baru sekali ke sana TDK ada kartu e money utk bayar parkir,tadi nya saya anggap sudah biasa pakai uang tunai, ternyata TDK bisa.lbh parah ya penjaga parkir TDK ada sopan santun ya untung saja dia perempuan kalau gak, Parkiran motor kacau balau, banyak emak-emak yang kerepotan mau masukin dan keluarin motor... mungkin karena parkir gratis jadi gak ada yang urus, Parkir motor karyawan murah, Tempatnya bersih, enak parkir & ada resto koi nya, Lokasi parkir Aman Dan Jangan lupa Emoney ya Nanti ga bs keluar, Ok...cuma parkir ny ribet g bisa cash",https://d38ycd57qom8aj.cloudfront.net/location/cohive-101/f639df20-4c9c-11e9-9dea-d5f8283a9770.JPG,murah bersih fasilitas lengkap parkir luas tempat bersih enak parkir ada resto koi okasi yang strategis tempat yang nyaman meskipun ac ruangan terlalu dingin lokasi strategis dan sangat nyaman untuk meeting ditambah dengan staff cohive yg juga sangat helpful kantor yang nyaman bersih dan bagus tapi sayang penjaga parkir apalagi yg perempuan tdk bersahabat dan terkesan sombong dan angkuh saya baru sekali ke sana tdk ada kartu e money utk bayar parkir tadi saya anggap sudah biasa pakai uang tunai ternyata tdk bisa lbh parah ya penjaga parkir tdk ada sopan santun ya untung saja dia perempuan kalau gak parkiran motor kacau balau banyak emak emak yang kerepotan mau masukin dan keluarin motor mungkin karena parkir gratis jadi gak ada yang urus parkir motor karyawan murah tempat bersih enak parkir ada resto koi lokasi parkir aman dan jangan lupa emoney ya nanti ga bs keluar ok cuma parkir ribet g bisa cash,murah bersih fasilitas lengkap parkir luas bersih parkir resto koi okasi strategis nyaman ac ruang dingin lokasi strategis nyaman meeting staff cohive yg helpful kantor nyaman bersih bagus sayang jaga parkir yg perempuan tdk sahabat kes sombong angkuh tdk kartu money utk bayar parkir anggap pakai uang tunai tdk lbh parah jaga parkir tdk sopan santun untung perempuan gak parkir motor kacau balau emak emak kerepot masukin keluarin motor parkir gratis gak urus parkir motor karyawan murah bersih parkir resto koi lokasi parkir aman lupa emoney ga bs ok parkir ribet cash
The Hermitage. a Tribute Portfolio Hotel. Jakarta,https://www.hermitagejakarta.com/id,2131926888,Meeting room,3660,4.6,106.8381196,-6.1983176,Yes,Yes,Yes,Yes,Yes,Yes,1375000,60,Large,Jl. Cilacap No.1. Menteng. Jakarta. Kota Jakarta Pusat. Daerah Khusus Ibukota Jakarta 10310,Jakarta Pusat,"Makanan dan minuman yang disajikan sangat  berkelas dengan rasa yang mewah, Akses mudah buat meeting mudah meski parkir susah, Internet aman lancar, wifi cepat  Makanan enak.  Dan ruang meeting nyaman, Hotel yang bagus. Beberapa kali ke sini untuk meeting, kesannya bagus, keren, cuma parkir aja agak susah mesti titip kunci segala, parkir sempit, Utk area parkir lumayan cukup, ada di basement hotel dan ada akses langsung ke lobby pakai lift, parkir terbatas. apalagi lokasi dan parkir motornya sangat tidak friendly karena berada di ruang terbuka dan pinggir jalan raya, Cm susah parkir tp bs dibantu sm staff nya, cukup tinggalin kunci aja",https://73cc8915eb9cf66dad90-91c9e0dc61e2af367a83ca09fafb7723.ssl.cf1.rackcdn.com/u/function-2.jpg,makanan dan minuman yang disajikan sangat berkelas dengan rasa yang mewah akses mudah buat meeting mudah meski parkir susah internet aman lancar wifi cepat makanan enak dan ruang meeting nyaman hotel yang bagus beberapa kali ke sini untuk meeting kesan bagus keren cuma parkir aja agak susah mesti titip kunci segala parkir sempit utk area parkir lumayan cukup ada di basement hotel dan ada akses langsung ke lobby pakai lift parkir terbatas apalagi lokasi dan parkir motor sangat tidak friendly karena berada di ruang terbuka dan pinggir jalan raya cm susah parkir tp bs dibantu sm staff cukup tinggalin kunci aja,makan minum saji kelas mewah akses mudah meeting mudah parkir susah internet aman lancar wifi cepat makan ruang meeting nyaman hotel bagus meeting kesan bagus keren parkir aja susah mesti titip kunci parkir sempit utk area parkir lumayan basement hotel akses lobby pakai lift parkir batas lokasi parkir motor friendly ruang buka pinggir jalan raya cm susah parkir tp bs bantu sm staff tinggalin kunci aja
TierSpace,http://tier-space.com,2129126145,Coworking space,145,4.6,106.8135623,-6.2331823,No,Yes,Yes,Yes,No,No,95000,8,Small,Jl. Bakti No.10. RT.1/RW.6. Rw.4. Kec. Kby. Baru. Kota Jakarta Selatan. Daerah Khusus Ibukota Jakarta 12180,Jakarta Selatan,"Tempat yg pas untuk meeting, suasana membuat nyaman, Tempat Meeting...simple smart and Nice place, Tempat yang nyaman untuk bekerja, meeting & bermain, Internetnya juga cepat & stabil, mereka juga ada harga khusus mahasiswa. Mantap pokoknya, Harganya terjangkau dan banyak promonya. Fasilitas juga lengkap bisa refill kopi, teh dan air putih. Ada area outdoor yang bisa kerja sambil ngerokok, deket dengan area kuliner",http://tier-space.com/wp-content/uploads/2017/08/meeting-room-for-8b1.jpg,tempat yg pas untuk meeting suasana membuat nyaman tempat meeting simple smart and nice place tempat yang nyaman untuk bekerja meeting bermain internet juga cepat stabil mereka juga ada harga khusus mahasiswa mantap pokok harga terjangkau dan banyak promo fasilitas juga lengkap bisa refill kopi teh dan air putih ada area outdoor yang bisa kerja sambil ngerokok deket dengan area kuliner,yg pas meeting suasana nyaman meeting simple smart and nice place nyaman meeting main internet cepat stabil harga mahasiswa mantap pokok harga jangkau promo fasilitas lengkap refill kopi teh air putih area outdoor ngerokok deket area kuliner
GoWork Senayan City - Coworking and Office Space,http://go-work.com,2150986170,Coworking space,94,4.8,106.7976341,-6.2275834,Yes,Yes,No,Yes,No,No,130000,10,Small,Panin Tower. 15th Floor. Senayan City. Jl. Asia Afrika No.Lot. 19. Daerah Khusus Ibukota Jakarta 10270,Jakarta Pusat,"Survey area kerja, pelayanan ramah dan memberikan penjelasan dengan baik, Selain lokasinya yg strategis dan connecting mall, Staf2 GoWork Sency disini benar2 helpfull dan baikkkk sekaliii, bahkan kami pun berteman di luar jam kerja kantor..kantor disini juga bersih, nyaman , Tempatnya enak, teamnya juga ngebatu banget... Bersih juga dan engga berisik, Udah gitu Goworknya bisa nyambung ke mall Senayan city, Akses parkir juga gampang, Suhunya terlalu dingin padahal tidak terlalu ramai, Akses parkir juga gampang, ",https://media.flyspaces.com/docs/spaces/2c8e5cf7-6c52-44e6-ae73-a917dbd2d29f-meetingroomsency-9-min.jpg?w=412,survey area kerja pelayanan ramah dan memberikan penjelasan dengan baik selain lokasi yg strategis dan connecting mall staf gowork sency disini benar helpfull dan baik sekali bahkan kami pun berteman di luar jam kerja kantor kantor disini juga bersih nyaman tempat enak team juga ngebatu banget bersih juga dan engga berisik udah gitu gowork bisa nyambung ke mall senayan city akses parkir juga gampang suhu terlalu dingin padahal tidak terlalu ramai akses parkir juga gampang,survey area layan ramah lokasi yg strategis connecting mall staf gowork sency helpfull teman jam kantor kantor bersih nyaman team ngebatu banget bersih engga berisik udah gitu gowork nyambung mall senayan city akses parkir gampang suhu dingin ramai akses parkir gampang
Hotel Bidakara Meeting Room,http://www.bidakarahotel.com,2183793555,Meeting room,393,4.5,106.8420181,-6.2401633,Yes,Yes,Yes,Yes,No,No,1425000,70,Large,Jl. Gatot Subroto. RT.8/RW.8. Menteng Dalam. Kec. Tebet. Kota Jakarta Selatan. Daerah Khusus Ibukota Jakarta 12870,Jakarta Selatan,"Hotelnya oke. Parkiran luas cm agak jauh dr hotel, Hotel dengan lokasi strategis dan lahan parkir yang luas. Cocok untuk kegiatan kantor dan transit untuk urusan bisnis, byk meeting room yg ditawarkan dengan harga yg kompetitif. ad mesjid di basement, foodcourt, minimart, kios jajanan, travel dll. komplit deh, real hotel, ruang meeting dan menara bidakara luas banget. Muter2 capek juga brow, Mantap tuk event2 tingkat nasional, Rakornas, seminar dll. Parkiran luas cm agak jauh dr hotel, lokasi strategis dan lahan parkir yang luas. Cocok untuk kegiatan kantor dan transit untuk urusan bisnis, parkir luas fasilitas pendukung bagus dan lokasi yg strategis, Parkir mobil terlalu mahal, Parkir luas",https://www.bidakarahotel.com/wp-content/uploads/sites/198/2021/08/nakula2.jpg,hotel oke parkiran luas cm agak jauh dr hotel hotel dengan lokasi strategis dan lahan parkir yang luas cocok untuk kegiatan kantor dan transit untuk urusan bisnis byk meeting room yg ditawarkan dengan harga yg kompetitif ad mesjid di basement foodcourt minimart kios jajanan travel dll komplit deh real hotel ruang meeting dan menara bidakara luas banget muter capek juga brow mantap tuk event tingkat nasional rakornas seminar dll parkiran luas cm agak jauh dr hotel lokasi strategis dan lahan parkir yang luas cocok untuk kegiatan kantor dan transit untuk urusan bisnis parkir luas fasilitas pendukung bagus dan lokasi yg strategis parkir mobil terlalu mahal parkir luas,hotel oke parkir luas cm dr hotel hotel lokasi strategis lahan parkir luas cocok giat kantor transit urus bisnis byk meeting room yg tawar harga yg kompetitif ad mesjid basement foodcourt minimart kios jajan travel dll komplit deh real hotel ruang meeting menara bidakara luas banget muter capek brow mantap tuk event tingkat nasional rakornas seminar dll parkir luas cm dr hotel lokasi strategis lahan parkir luas cocok giat kantor transit urus bisnis parkir luas fasilitas dukung bagus lokasi yg strategis parkir mobil mahal parkir luas
Paragon Meeting & Conference Room,https://paragon.co.id,213917070,Event venue,43,4.3,106.830902,-6.187038,Yes,Yes,Yes,Yes,Yes,Yes,370000,60,Large,Jl. KH Wahid Hasyim No.31a. RT.18/RW.6. Kb. Sirih. Kec. Menteng. Kota Jakarta Pusat. Daerah Khusus Ibukota Jakarta 10340,Jakarta Pusat,"sarana meeting yang lengkap..cocok deh buat pertemuan meeting dengan relasi bisnis, Bagus untuk meeting. Fasilitasnya saja yg harus diperbarui., sarana meeting yang lengkap..cocok deh buat pertemuan meeting dengan relasi bisnis, Bagus untuk meeting",https://paragon.co.id/wp-content/uploads/elementor/thumbs/IMG_6039_DxO-1-ed-scaled-oqj6jcz84h3cwbzcxy8kw4syh3r0jzum5ta3635o68.jpg,sarana meeting yang lengkap cocok deh buat pertemuan meeting dengan relasi bisnis bagus untuk meeting fasilitas saja yg harus diperbarui sarana meeting yang lengkap cocok deh buat pertemuan meeting dengan relasi bisnis bagus untuk meeting,sarana meeting lengkap cocok deh temu meeting relasi bisnis bagus meeting fasilitas yg sarana meeting lengkap cocok deh temu meeting relasi bisnis bagus meeting
Nusa Indah Meeting Room,http://millenniumhotels.com,212303636,Meeting room,2,3.0,106.8166371,-6.1827335,Yes,Yes,Yes,Yes,Yes,Yes,4200000,100,Large,Millineum Hotel Sirih Jkt. Jl. H. Fachrudin No.3. RT.1/RW.7. Kp. Bali. Kecamatan Tanah Abang. Kota Jakarta Pusat. Daerah Khusus Ibukota Jakarta 10250,Jakarta Pusat,"harga sangat mahal, 3 bintang dari 5",https://images.meetingsbooker.com/images/venues/6f5ece64ec674776bafc9b81a.jpg,harga sangat mahal bintang dari,harga mahal bintang
SQuare One (SQ) Function Hall & Meeting Rooms,https://squareonefunctionhall.com/,82122131088,Function room facility,11,4.8,106.7846396,-6.2941532,Yes,Yes,Yes,No,Yes,No,500000,15,Small,South Quarter. Jl. R.A. Kartini No.Kav. 8. RT.10/RW.4. West Cilandak. Cilandak. South Jakarta City. Jakarta 12430,Jakarta Selatan,"Tempatnya bagus sangat mendukung untuk meeting atau event lainnya, lokasi strategis dan penyewa sangat membantu, Ruangan luas, full AC, ada LED screen, kursinya banyak, ada tempat lokernya juga, soundnya bagus, Good place, cozy place, tempat oke",https://squareonefunctionhall.com/wp-content/uploads/2021/02/Revised-1.jpg,tempat bagus sangat mendukung untuk meeting atau event lain lokasi strategis dan penyewa sangat membantu ruangan luas full ac ada led screen kursi banyak ada tempat loker juga sound bagus good place cozy place tempat oke,bagus dukung meeting event lokasi strategis sewa bantu ruang luas full ac led screen kursi loker sound bagus good place cozy place oke
SAMOFIS | Coworking Space | Virtual Office | Meeting Room,http://samofis.com,2131904292,Office space rental agency,56,4.9,106.8373009,-6.1927443,Yes,Yes,No,Yes,No,No,100000,8,Small,Jl. Cikini IV No.10. RT.15/RW.5. Cikini. Kec. Menteng. Kota Jakarta Pusat. Daerah Khusus Ibukota Jakarta 10330,Jakarta Pusat,"Good place, tempatnya nyaman bersih dan wangi, pelayanannya ramah dan amanah, lokasi strategis berada di tengah kota deket mau kemana-mana, deket stasiun, warung makan, Aksesnya strategis, tempatnya nyaman, pelayanannya sangat ramah, kinerjanya cepat. Terimakasih SamOfi, Tempatnya strategis, tempatnya jg nyaman, spacenya lumayan luas, fasilitas jg lengkap dan managementnya jg helpfull",https://samofis.space/wp-content/uploads/2019/06/conferemce-hall.jpg,good place tempat nyaman bersih dan wangi pelayanan ramah dan amanah lokasi strategis berada di tengah kota deket mau kemana mana deket stasiun warung makan akses strategis tempat nyaman pelayanan sangat ramah kinerja cepat terimakasih samofi tempat strategis tempat jg nyaman space lumayan luas fasilitas jg lengkap dan management jg helpfull,good place nyaman bersih wangi layan ramah amanah lokasi strategis kota deket deket stasiun warung makan akses strategis nyaman layan ramah cepat terimakasih samofi strategis jg nyaman space lumayan luas fasilitas jg lengkap management jg helpfull
UnionSPACE - Metropolitan Tower (Serviced Office | Virtual Office | Meeting Room | Coworking),https://unionspace.co.th/Metropolitan-Tower.html,2129222922,Coworking space,189,4.6,106.7848043,-6.29297,Yes,Yes,Yes,Yes,No,Yes,300000,18,Small,Metropolitan Tower Lantai 13A Jl. R. A. Kartini. Jl. TB Simatupang No.Kav. 14. RT.10/RW.4. Cilandak Bar.. Kec. Cilandak. Kota Jakarta Selatan. Daerah Khusus Ibukota Jakarta 12430,Jakarta Selatan,"Nice place, Nice people !! Waktu saya dateng di sambut dengan baik  dengan kopi hangat yang sangat nikmat. Nyaman untuk bekerja,internet nya cepat, interior nya juga bagus cocok unuk hangout dan foto foto, Free coffee, good wifi & lots of friends, interior yang menarik didukung pula dengan internet cepat, cocok untuk meeting, suasananya cozy, dengan pelayanan staffnya yang ramah dan koperatif, Tempat udud deket parkir motor, hanya untuk ahli hisap, Ojol anter barang  bntar doang suruh bayar parkir",https://www.officenow.co.id/wp-content/uploads/2020/05/us-id-mt-meeting-1.jpg,nice place nice people waktu saya dateng di sambut dengan baik dengan kopi hangat yang sangat nikmat nyaman untuk bekerja internet cepat interior juga bagus cocok unuk hangout dan foto foto free coffee good wifi lots of friends interior yang menarik didukung pula dengan internet cepat cocok untuk meeting suasana cozy dengan pelayanan staff yang ramah dan koperatif tempat udud deket parkir motor ha untuk ahli hisap ojol anter barang bntar doang suruh bayar parkir,nice place nice people dateng sambut kopi hangat nikmat nyaman internet cepat interior bagus cocok unuk hangout foto foto free coffee good wifi lots of friends interior tarik dukung internet cepat cocok meeting suasana cozy layan staff ramah koperatif udud deket parkir motor ha ahli hisap ojol anter barang bntar doang suruh bayar parkir
Avenue8 Offices,http://avenue8offices.com,2150200889,Coworking space,121,4.8,106.8276768,-6.1868509,Yes,Yes,Yes,Yes,No,No,200000,16,Small,Tamansari Parama Office. Jl. KH Wahid Hasyim No.84. RW.3. Kb. Sirih. Kec. Menteng. Jakarta. Daerah Khusus Ibukota Jakarta 10340,Jakarta Pusat,"Design meeting room nya professional and comfortable cocok buat team meeting or ketemu client. Lokasi juga sangat strategis, Pertama kali nya ngelihat desain bangunan sebagus ini dan ruangan nya bersih .salah satu tempat meeting room Jakarta yang paling oke sih, Tempat meeting ini dekat dan strategis, mudah dijnagkau. Meeting room ter best di jakarta,Virtual office Jakarta dengan arsitektur yang keren, Wifi juga kencang dan bersih banget",https://images.squarespace-cdn.com/content/v1/592cd511197aea28581f5469/1574848847162-KBBX407F5VZA1O9EPX0Y/2.+avenue8+meeting+room+thamrin+menteng+jakarta+pusat.jpg?format=1000w,design meeting room professional and comfortable cocok buat team meeting or ketemu client lokasi juga sangat strategis pertama kali ngelihat desain bangunan sebagus ini dan ruangan bersih salah satu tempat meeting room jakarta yang paling oke sih tempat meeting ini dekat dan strategis mudah dijnagkau meeting room ter best di jakarta virtual office jakarta dengan arsitektur yang keren wifi juga kencang dan bersih banget,design meeting room professional and comfortable cocok team meeting or ketemu client lokasi strategis ngelihat desain bangun bagus ruang bersih salah meeting room jakarta oke sih meeting strategis mudah dijnagkau meeting room ter best jakarta virtual office jakarta arsitektur keren wifi kencang bersih banget
KEDASI @ The Cause Event Space & Auditorium,http://kedasi.co.id,81902330677,Event venue,64,4.5,106.8158076,-6.1971335,Yes,No,Yes,Yes,No,No,120000,20,Medium,Graha Niaga Thamrin Level 6. Kebon Kacang. Jl. K.H. Mas Mansyur. RT.2/RW.8. Kb. Melati. Kecamatan Tanah Abang. Kota Jakarta Pusat. Daerah Khusus Ibukota Jakarta 10230,Jakarta Pusat,"Tempat yang bagus untuk acara atau kegiatan meeting. Fleksibel, cukup murah, empat yang bagus untuk rapat umum, Pertemuan di sini enak tempstnya dapat makanannya jg enak..Keren, Parkiran sempit, kalo lg acara diaudit dengan jumlah besar akan kesulitan cari parkir. Begitu juga saat selesai acara, harus sabar menunggu lift",https://www.kedasi.co.id/assets/uploads/banner_event_venues.jpg,tempat yang bagus untuk acara atau kegiatan meeting fleksibel cukup murah empat yang bagus untuk rapat umum pertemuan di sini enak tempst dapat makanan jg enak keren parkiran sempit kalo lg acara diaudit dengan jumlah besar akan kesulitan cari parkir begitu juga saat selesai acara harus sabar menunggu lift,bagus acara giat meeting fleksibel murah bagus rapat temu tempst makan jg keren parkir sempit kalo lg acara audit sulit cari parkir selesai acara sabar tunggu lift
Kapuas Grand Ball Room,http://industri.orchardzhotel.com,2162317788,Meeting room,7,4.7,106.8359332,-6.1477728,Yes,Yes,Yes,Yes,Yes,Yes,5000000,200,Large,Orchardz Hotel. Jl. Industri Raya No.16. RT.16/RW.3. North Gunung Sahari. Sawah Besar. Central Jakarta City. Jakarta 10720,Jakarta Pusat,"Ruangannya cukup luas dan nyaman untuk rapat , Cukup representative utk acara atau kegiatan baik formal maupun non formal, Bagus dan nyaman ",https://d2ile4x3f22snf.cloudfront.net/wp-content/uploads/sites/229/2017/12/04142822/FX8C0701-Edit-banner.jpg,ruangan cukup luas dan nyaman untuk rapat cukup representative utk acara atau kegiatan baik formal maupun non formal bagus dan nyaman,ruang luas nyaman rapat representative utk acara giat formal non formal bagus nyaman
vOffice Indonesia - Headquarter (Virtual Office | Serviced Office | Event Space | Meeting Room),http://voffice.co.id,81280055105,Office space rental agency,471,4.9,106.8207909,-6.2300537,Yes,Yes,Yes,Yes,No,No,250000,20,Medium,Level 29 Centennial Tower. Jl. Gatot Subroto No.27. RT.2/RW.2. Karet Semanggi. Kecamatan Setiabudi. Kota Jakarta Selatan. Daerah Khusus Ibukota Jakarta 12950,Jakarta Selatan,"Lokasi yang sangat strategis, fasilitas yang lengkap dan staff yang ramah dan responsif,sangat membantu perusahaan kami, Very Nice place to work, fasilitas komplit, tidak perlu repot2 untuk mengurus hal2 yang kecil seperti disediakan minum ketika meeting, disediakan OB untuk membersihkan kantor dan fasilitas pantry.. wifi dan telp jg sudah disediakan.. ğŸ‘ğŸ¼ğŸ‘ğŸ¼ğŸ‘ğŸ¼ recomended",https://voffice.co.id/jakarta-virtual-office/img/locations/centennial-tower/meeting-room.jpg,lokasi yang sangat strategis fasilitas yang lengkap dan staff yang ramah dan responsif sangat membantu perusahaan kami very nice place to work fasilitas komplit tidak perlu repot untuk mengurus hal yang kecil seperti disediakan minum ketika meeting disediakan ob untuk membersihkan kantor dan fasilitas pantry wifi dan telp jg sudah disediakan recomended,lokasi strategis fasilitas lengkap staff ramah responsif bantu usaha very nice place to work fasilitas komplit repot urus sedia minum meeting sedia ob bersih kantor fasilitas pantry wifi telp jg sedia recomended
KEDASI @Pluit | Co-Working Space | Serviced Office | Virtual Office | Meeting Room,http://kedasi.co.id,2122672230,Coworking space,14,5.0,106.7820138,-6.1170324,Yes,No,Yes,Yes,No,No,75000,12,Small,Jalan Muara Karang Raya No.24 A-B Lantai 2-3. RT.11/RW.3. Pluit. Penjaringan. North Jakarta City. Jakarta 14450,Jakarta Utara,"Di Kedasi akhirnya saya & team dpt tempat kerja yg bikin betah. Jadi ngak usah pindah-pindah lagi kaya sebelumnya deh, Kerja di Kedasi memang nyaman... temen2 Aja sample keasikan , Mantappp tempatnya,pelayananya juga OK,,suasananya nyaman jadi bikin Betah dan lama-lama di Kedasi..haha",https://deskby.com/image/space/deskby-15713722061.jpg,di kedasi akhir saya team dpt tempat kerja yg bikin betah jadi ngak usah pindah pindah lagi kaya sebelum deh kerja di kedasi memang nyaman temen aja sample keasikan mantap tempat pelayana juga ok suasana nyaman jadi bikin betah dan lama lama di kedasi haha,das team dpt yg bikin betah ngak pindah pindah kaya deh das nyaman temen aja sample asi mantap pelayana ok suasana nyaman bikin betah das haha
Royal Ballroom Royal Kuningan Hotel Jakarta,http://www.royalkuningan.com,2129380738,Meeting room,70,4.5,106.8301607,-6.206857,Yes,No,Yes,Yes,Yes,Yes,12000000,100,Large,Royal Kuningan Hotel. Jl. Kuningan Mulia No.2. RT.1/RW.6. Guntur. Kecamatan Setiabudi. Kota Jakarta Selatan. Daerah Khusus Ibukota Jakarta 12980,Jakarta Selatan,"Tempat parkir juga cukup luas... sehingga membuat nyaman para tamu yang datang ke tempat ini, hotelnya mudah dijangkau, kualitas ruang meeting baik, rasa makanan enak, Lobby nyaman, harga makanannya juga terjangkau, akses mudah dicapai dan mudah ditemui, parkiran luas dan aman",https://www.royalkuningan.com/wp-content/uploads/2017/11/meeting-conference-ballroom-02-1024x493.jpg,tempat parkir juga cukup luas sehingga membuat nyaman para tamu yang datang ke tempat ini hotel mudah dijangkau kualitas ruang meeting baik rasa makanan enak lobby nyaman harga makanan juga terjangkau akses mudah dicapai dan mudah ditemui parkiran luas dan aman,parkir luas nyaman tamu hotel mudah jangkau kualitas ruang meeting makan lobby nyaman harga makan jangkau akses mudah capai mudah temu parkir luas aman
The Executive Centre - Sampoerna Strategic Square,http://executivecentre.com,215750800,Coworking space,11,4.5,106.8182258,-6.2167906,Yes,Yes,No,Yes,No,No,170000,12,Small,Level 18 & 30. South Tower. Sampoerna Strategic Square. Jl. Jenderal Sudirman No.Kav. 45-46. RT.3/RW.4. Karet Semanggi. Jakarta. Kota Jakarta Selatan. Daerah Khusus Ibukota Jakarta 12930,Jakarta Selatan,Great Offices!,https://www.completeofficesearch.com/wp-content/uploads/office/8a6fa2edee2bd499eadefa16932e3dd2.jpg,great offices,great offices
HARRIS Hotel Tebet Jakarta,http://tebet-jakarta.harrishotels.com,218303355,Meeting room,22,4.2,106.8479561,-6.2230159,Yes,Yes,Yes,Yes,Yes,Yes,250000,30,Medium,Jl. Dr. Saharjo No.191. RT.6/RW.1. Manggarai Sel.. Kec. Tebet. Kota Jakarta Selatan. Daerah Khusus Ibukota Jakarta 12960,Jakarta Selatan,"meeting room ok, Ruang meeting bersih dg desain simple, Coffee break lezat,
Ruang meeting bervarian, namun ada yg sempit, Meeting room Harris cukup oke, Makanannya enak juga, Ruang meeting sangat recommended, Tidak ada koordinasi antara vendor parkir dan hotel, musholla ny jauh dr ruang meeting dan ada di parkiran B2 itu bikin ilfeel sih",https://www.discoverasr.com/content/dam/tal/media/images/properties/indonesia/jakarta/harris-hotel-tebet-jakarta/meetings-and-events/HTBJ-banner-mobile-meeting.jpg.transform/ascott-lowres/image.jpg,meeting room ok ruang meeting bersih dg desain simple coffee break lezat ruang meeting bervarian namun ada yg sempit meeting room harris cukup oke makanan enak juga ruang meeting sangat recommended tidak ada koordinasi antara vendor parkir dan hotel musholla jauh dr ruang meeting dan ada di parkiran b itu bikin ilfeel sih,meeting room ok ruang meeting bersih dg desain simple coffee break lezat ruang meeting varian yg sempit meeting room harris oke makan ruang meeting recommended koordinasi vendor parkir hotel musholla dr ruang meeting parkir bikin ilfeel sih
Virtual Office. Meeting Room. Event Space & Serviced Office - Deskby.com,http://deskby.com,85770003700,Meeting room,12,4.8,106.807781,-6.2240502,Yes,Yes,No,Yes,Yes,No,240000,4,Small,IDX Incubator. Menara Mandiri I. 16th Floor. Jl. Jenderal Sudirman No.Kav 54-55. RT.5/RW.3. Senayan. Kec. Kby. Baru. Kota Jakarta Selatan. Daerah Khusus Ibukota Jakarta 12190,Jakarta Selatan,"Tempat yang nyaman untuk bekerja di kawasan SCBD, Di dekat sini pun dekat dengan stasiun MRT baru, tempatnya cozy buat start up, Tempatnya bagus dan homie banget, dengan design yg menarik lalu penggunaan warna yang enak juga, Nyaman juga tempat untuk meetingnya",https://s3-ap-southeast-1.amazonaws.com/xwork-gallery/rooms/images/397/1510813055.27/397_1510813055.27.lg.JPEG,tempat yang nyaman untuk bekerja di kawasan scbd di dekat sini pun dekat dengan stasiun mrt baru tempat cozy buat start up tempat bagus dan homie banget dengan design yg menarik lalu penggunaan warna yang enak juga nyaman juga tempat untuk meeting,nyaman kawasan scbd stasiun mrt cozy start up bagus homie banget design yg tarik warna nyaman meeting
CEO SUITE One Pacific Place,http://ceosuite.com,2125502550,Business center,236,4.0,106.8102582,-6.2241031,Yes,Yes,Yes,Yes,Yes,Yes,200000,30,Medium,One Pacific Place. 15th Floor. Jl. Jenderal Sudirman No.Kav. 52-53. RT.5/RW.3. Senayan. Kec. Kby. Baru. Kota Jakarta Selatan. Daerah Khusus Ibukota Jakarta 12190,Jakarta Selatan,"suasana nyaman dengan interior yang mewah dan didukung oleh keramahan pelayanan staff yang terjaga, highly recommended, ruang meetingnya keren, Enak loh ngantor disini, lokasi nya oke, staff nya jg professional..gak nyesel milih berkantor disini, Design interiornya sangat mewah dan saya disambut dengan hangat oleh resepsionis yang ramah dan profesional. Dapat dikatakan bahwa CEO SUITE merupakan kantor berbintang 5, Saya mendapatkan pengalaman yang sangat menyenangkan dalam menggunakan fasilitas dan service CEO SUITE",https://media.flyspaces.com/docs/1857-1483415092.jpg,suasana nyaman dengan interior yang mewah dan didukung oleh keramahan pelayanan staff yang terjaga highly recommended ruang meeting keren enak loh ngantor disini lokasi oke staff jg professional gak nyesel milih berkantor disini design interior sangat mewah dan saya disambut dengan hangat oleh resepsionis yang ramah dan profesional dapat dikatakan bahwa ceo suite merupakan kantor berbintang saya mendapatkan pengalaman yang sangat menyenangkan dalam menggunakan fasilitas dan service ceo suite,suasana nyaman interior mewah dukung ramah layan staff jaga highly recommended ruang meeting keren loh ngantor lokasi oke staff jg professional gak nyesel milih kantor design interior mewah sambut hangat resepsionis ramah profesional ceo suite kantor bintang alam senang fasilitas service ceo suite
SMESCO Indonesia,http://smescoindonesia.com,2127535400,Meeting room,128,4.5,106.835313,-6.241994,No,Yes,Yes,No,Yes,No,500000,15,Small,Jl. Gatot Subroto. RT.11/RW.3. Pancoran. Kec. Pancoran. Kota Jakarta Selatan. Daerah Khusus Ibukota Jakarta 12780,Jakarta Selatan,"Gedung yang sangat luas, parkir yang cukup baik. Kebersihan fasilitas umum seperti eskalator, toilet dll sangat baik, Tempat seminar yang nyaman untuk banyak orang tersedia food court untuk para pengunjung namun kurang nya tempat duduk yang menjadi kurang nyaman, untuk akses naik busway juga gampang tinggal jalan sedikit untuk ke haltenya, Gedung unik, Tempatnya luass, Ada mesjidnya juga",https://smesco.go.id/storage//filemanager/rent-office/ruangan-1.png,gedung yang sangat luas parkir yang cukup baik kebersihan fasilitas umum seperti eskalator toilet dll sangat baik tempat seminar yang nyaman untuk banyak orang tersedia food court untuk para pengunjung namun kurang tempat duduk yang menjadi kurang nyaman untuk akses naik busway juga gampang tinggal jalan sedikit untuk ke halte gedung unik tempat luass ada mesjid juga,gedung luas parkir bersih fasilitas eskalator toilet dll seminar nyaman sedia food court unjung duduk nyaman akses busway gampang tinggal jalan halte gedung unik luass mesjid
Ruang Kita,http://ruangkitatebet.com,2183795498,Function room facility,228,4.4,106.8460832,-6.2398112,Yes,Yes,No,Yes,Yes,No,187500,10,Small,Jl. Tebet Barat Dalam VII No.21. RT.9/RW.6. Tebet Bar.. Kec. Tebet. Kota Jakarta Selatan. Daerah Khusus Ibukota Jakarta 12810,Jakarta Selatan,"Tempatnya bersih dan nyaman banget untuk belajar, training, atau meeting yang tidak terlalu formal, Seperti di rumah tapi tetap bisa serius. Memang parkiran terbatas dan sekat antar ruangan tidak kedap suara, Tempatnya kondusif serta suasana ruangan sangat nyaman untuk digunakan. Akses ke jalan tol, tempat makan, dan mini market juga mudah untuk dijangkau. Pelayanannya pun ramah dan sangat welcome dalam membantu apabila kami memerlukan berbagai hal, biaya yang cukup terjangkau, Ruang Kita mampu menjadi tempat yang sangat recommended untuk menyelenggarakan berbagai acara, Tempatnya nyaman untuk buat berbagai kegiayan seminar dan workshop. Lengkap dengan refreshment area dan musholla. Hanya saja tempat parkirnya tidak terlalu luas, Tapi sayang parkirannya super dikit banget jadi kadang parkir di pinggir jalan, Cuma ga ada tempat parkir dan lumayan jauh dari tempat penjual makanan sih, Parkiran jg sangat terbatas, Parkir mobil perlu sedikit usaha, Tempatnya asik buat workshop sayang parkiran sempit, Ruang nya enak, hanya parkirnya sangat sempit, Parkir sempit",https://media.flyspaces.com/docs/2745-1507694254.jpg,tempat bersih dan nyaman banget untuk belajar training atau meeting yang tidak terlalu formal seperti di rumah tapi tetap bisa serius memang parkiran terbatas dan sekat antar ruangan tidak kedap suara tempat kondusif serta suasana ruangan sangat nyaman untuk digunakan akses ke jalan tol tempat makan dan mini market juga mudah untuk dijangkau pelayanan pun ramah dan sangat welcome dalam membantu apabila kami memerlukan berbagai hal biaya yang cukup terjangkau ruang kita mampu menjadi tempat yang sangat recommended untuk menyelenggarakan berbagai acara tempat nyaman untuk buat berbagai kegiayan seminar dan workshop lengkap dengan refreshment area dan musholla ha saja tempat parkir tidak terlalu luas tapi sayang parkiran super dikit banget jadi kadang parkir di pinggir jalan cuma ga ada tempat parkir dan lumayan jauh dari tempat penjual makanan sih parkiran jg sangat terbatas parkir mobil perlu sedikit usaha tempat asik buat workshop sayang parkiran sempit ruang enak ha parkir sangat sempit parkir sempit,bersih nyaman banget ajar training meeting formal rumah serius parkir batas sekat ruang kedap suara kondusif suasana ruang nyaman akses jalan tol makan mini market mudah jangkau layan ramah welcome bantu biaya jangkau ruang recommended selenggara acara nyaman kegiayan seminar workshop lengkap refreshment area musholla ha parkir luas sayang parkir super dikit banget kadang parkir pinggir jalan ga parkir lumayan jual makan sih parkir jg batas parkir mobil usaha asik workshop sayang parkir sempit ruang ha parkir sempit parkir sempit
Regus - Jakarta Menara BCA Grand Indonesia,http://regus.com,2123584400,Office space rental agency,194,4.5,106.821749,-6.19557,Yes,Yes,No,Yes,Yes,No,250000,10,Small,Menara BCA Grand Indonesia JI. Jl. M.H. Thamrin No.1. RT.1/RW.5. Menteng. Jakarta. Central Jakarta City. Jakarta 10310,Jakarta Pusat,"Good Location for Office, Clean and nyaman, higt Business atmosfer, tenang, buat meeteng dan konsentrasi tinggi jauh dari hiruk pikuk bising nya jalanan ibu kota, karena ada di lantai 50, kitchen nya rapih dan bersih, toilet bersih, ada mushollah, lobby, ruang tamu, resepsionist, think pod, dan ada sofa, keren deh pokok nya buat anak muda cocok bgt, regus keren,  Sewa ruang kantor yang bagus. Harga sewanya terjangkau & sudah termasuk meeting room, Wifi, printer & fax,  sumpah keren banget parkir liarnya kurang dari 5 menit disuruh bayar 5.000 terus ngotot lagi ..security nya juga payah banget masa parkir liar di izinin ama securtynya langsung hebat hebt..... ngasih kertas mengatas namamkan MENARA BCA GRAND INDONESIA keren banget yah salut dah sukses terus","https://coworker.imgix.net/photos/indonesia/jakarta/regus-jakarta-menara-bca-grand-indonesia/7e4164705dffd0e3e95959b8ed0aa4e3.jpg?w=800&h=0&q=90&auto=format,compress&fit=crop&mark=/template/img/wm_icon.png&markscale=5&markalign=center,middle",good location for office clean and nyaman higt business atmosfer tenang buat meeteng dan konsentrasi tinggi jauh dari hiruk pikuk bising jalanan ibu kota karena ada di lantai kitchen rapih dan bersih toilet bersih ada mushollah lobby ruang tamu resepsionist think pod dan ada sofa keren deh pokok buat anak muda cocok bgt regus keren sewa ruang kantor yang bagus harga sewa terjangkau sudah termasuk meeting room wifi printer fax sumpah keren banget parkir liar kurang dari menit disuruh bayar terus ngotot lagi security juga payah banget masa parkir liar di izinin ama securty langsung hebat hebt ngasih kertas mengatas namamkan menara bca grand indonesia keren banget yah salut dah sukses terus,good location for office clean and nyaman higt business atmosfer tenang meeteng konsentrasi hiruk pikuk bising jalan kota lantai kitchen rapih bersih toilet bersih mushollah lobby ruang tamu resepsionist think pod sofa keren deh pokok anak muda cocok bgt regus keren sewa ruang kantor bagus harga sewa jangkau meeting room wifi printer fax sumpah keren banget parkir liar menit suruh bayar ngotot security payah banget parkir liar izinin ama securty hebat hebt ngasih kertas namamkan menara bca grand indonesia keren banget yah salut dah sukses
Kempinski Grand Ballroom,http://kempinski.com,2123583800,Event venue,400,4.7,106.8199265,-6.1951857,Yes,Yes,Yes,Yes,Yes,Yes,50000000,300,Large,Grand Indonesia. West Mall. Jl. M.H. Thamrin No.1. Daerah Khusus Ibukota Jakarta 10230,Jakarta Pusat,"Grand Ballroom.....fasilitas n pelayanan oke, Bagus, bersih, security dan staf yang ramah, car parking dan akses yang mudah menuju lobby dan ballroom, Terdapat restoran dan  lounge yang akan memanjakan selera kita, Tempat y bagus nyaman ballroom y luas, ballroom dan cukup impresif dalam hal fasilitas dan makanan dari pihak hotel, Pada jam tertentu jalanan menuju hotel ini sangat macet. Ballroom mereka cukup mewah, luas, bersih dan rapi. Staffnya cukup ramah, Tempat utk training nya di ballroom oke keren .... dan menu snack dan lunch nya .... menggiurkan rasa dan tampilan nya, Lokasi di tengah kota, parkiran luas, tempat nyaman",https://images.meetingsbooker.com/images/venues/f6093bb701ed48d698fa093fb.jpg,grand ballroom fasilitas n pelayanan oke bagus bersih security dan staf yang ramah car parking dan akses yang mudah menuju lobby dan ballroom terdapat restoran dan lounge yang akan memanjakan selera kita tempat y bagus nyaman ballroom y luas ballroom dan cukup impresif dalam hal fasilitas dan makanan dari pihak hotel pada jam tertentu jalanan menuju hotel ini sangat macet ballroom mereka cukup mewah luas bersih dan rapi staff cukup ramah tempat utk training di ballroom oke keren dan menu snack dan lunch menggiurkan rasa dan tampilan lokasi di tengah kota parkiran luas tempat nyaman,grand ballroom fasilitas layan oke bagus bersih security staf ramah car parking akses mudah lobby ballroom restoran lounge manja selera bagus nyaman ballroom luas ballroom impresif fasilitas makan hotel jam jalan hotel macet ballroom mewah luas bersih rapi staff ramah utk training ballroom oke keren menu snack lunch giur tampil lokasi kota parkir luas nyaman
CEO SUITE Sahid Sudirman Center,http://ceosuite.com,2180631888,Business center,56,4.4,106.8185809,-6.2108744,Yes,Yes,Yes,Yes,Yes,Yes,200000,30,Medium,Sahid Sudirman Centre. Jl. K.H. Mas Mansyur No.86. RT.10/RW.11. Karet Tengsin. Kecamatan Tanah Abang. Kota Jakarta Pusat. Daerah Khusus Ibukota Jakarta 10250,Jakarta Pusat,"Kantor mewah dengan layanan premium.
Mereka memiliki fasilitas kelas atas untuk mendukung pertemuan saya dan semua staf sangat profesional dan membantu, saya tidak pernah kecewa, ini akan dengan mudah menilai sebagai salah satu yang terbaik, Kantor yang sangat baik, layanan yang sangat baik.. tempat yang bagus untuk bekerja",https://www.ceosuite.com/wp-content/uploads/2017/10/Jakarta-Sahid-Sudirman-Boardroom.jpg?x19230,kantor mewah dengan layanan premium mereka memiliki fasilitas kelas atas untuk mendukung pertemuan saya dan semua staf sangat profesional dan membantu saya tidak pernah kecewa ini akan dengan mudah menilai sebagai salah satu yang terbaik kantor yang sangat baik layanan yang sangat baik tempat yang bagus untuk bekerja,kantor mewah layan premium milik fasilitas kelas dukung temu staf profesional bantu kecewa mudah nilai salah kantor layan bagus
MULA Kotatua Jakarta,http://mulaindonesia.com,8119466466,Coworking space,252,5.0,106.8122585,-6.1340332,Yes,Yes,No,Yes,Yes,No,150000,20,Medium,Patokan : Seberang Halte Transjakarta (Busway) Museum Fatahillah. Jl. Kali Besar Timur 4 Blok Cipta Niaga No.37. Pinangsia. Kec. Taman Sari. Kota Jakarta Barat. Daerah Khusus Ibukota Jakarta 11110,Jakarta barat,"Coworking space yang letaknya sangat strategis di dekat tempat wisata Kota Tua, sudah beberapa kali mengunjungi mula dan tidak pernah kecewa, Tempatnya enak banget buat kerja. Adem, ga berisik. Tenang. Koneksi wifinya kenceng, Menyenangkan sekali pakai coworking space di sini. Wifi lancar, tempat nyaman, dan tidak ada gangguan sama sekali",https://mulaindonesia.com/wp-content/uploads/2020/03/IMG_0550-1-scaled.jpg,coworking space yang letak sangat strategis di dekat tempat wisata kota tua sudah beberapa kali mengunjungi mula dan tidak pernah kecewa tempat enak banget buat kerja adem ga berisik tenang koneksi wifi kenceng menyenangkan sekali pakai coworking space di sini wifi lancar tempat nyaman dan tidak ada gangguan sama sekali,coworking space letak strategis wisata kota tua unjung kecewa banget adem ga berisik tenang koneksi wifi kenceng senang pakai coworking space wifi lancar nyaman ganggu
GoWork fX Sudirman - Coworking and Office Space,http://go-work.com,2129264178,Coworking space,234,4.6,106.8040011,-6.2244473,Yes,Yes,No,Yes,Yes,No,125000,8,Small,fX Sudirman. 7th Floor. Jl. Jenderal Sudirman Jl. Pintu Satu Senayan. RT.1/RW.3. Gelora. Kecamatan Tanah Abang. Kota Jakarta Pusat. Daerah Khusus Ibukota Jakarta 10270,Jakarta Pusat,"Tempat yang asik untuk kerja, Tempatnya nyaman banget buat kerja , AC nya dingin , bersih, aman , Pelayanannya bagus , tempatnya juga strategis, Tempat yang asik buat kerja, bersih dah staff nya baik banget. Aku sih rekomendasiin buat kalian yang cari tempat cozy dan asyik bisa mampir kesini guys",https://media.flyspaces.com/docs/big-4132-1520320632.jpg?w=412,tempat yang asik untuk kerja tempat nyaman banget buat kerja ac dingin bersih aman pelayanan bagus tempat juga strategis tempat yang asik buat kerja bersih dah staff baik banget aku sih rekomendasiin buat kalian yang cari tempat cozy dan asyik bisa mampir kesini guys,asik nyaman banget ac dingin bersih aman layan bagus strategis asik bersih dah staff banget sih rekomendasiin cari cozy asyik mampir kesini guys
SwissÃ´tel Jakarta PIK Avenue,http://swissotel.com,2122571000,Event venue,14,4.4,106.7409403,-6.1094677,Yes,Yes,Yes,Yes,Yes,Yes,500000,60,Large,Pantai Indah Kapuk St. RT.6/RW.2. Kamal Muara. Penjaringan. North Jakarta City. Jakarta 14470,Jakarta Utara,"Pergi ke sana untuk rapat. Cukup nyaman, Meeting room ok banget, untuk meeting ataupun training jg oke nih tempatnya, Ruang meeting dan koneksi wifi yang baik, Hanya saja parkir cukup sulit untuk didapat jika mencari di basement, Kami kesulitan memarkirkan mobil krn jatah parkir area hotel di basement tidak dijaga,  sehingga diparkiri oleh bukan tamu hotel, parkir cukup memadai hanya saja berada di basement.",https://www.swissotel.com/assets/0/92/2119/6442452030/6442452073/6442452075/6442452201/c116f0ea-21c3-498a-a7d5-42d0e83005ba.jpg,pergi ke sana untuk rapat cukup nyaman meeting room ok banget untuk meeting ataupun training jg oke nih tempat ruang meeting dan koneksi wifi yang baik ha saja parkir cukup sulit untuk didapat jika mencari di basement kami kesulitan memarkirkan mobil krn jatah parkir area hotel di basement tidak dijaga sehingga diparkiri oleh bukan tamu hotel parkir cukup memadai ha saja berada di basement,pergi rapat nyaman meeting room ok banget meeting training jg oke nih ruang meeting koneksi wifi ha parkir sulit cari basement sulit parkir mobil krn jatah parkir area hotel basement jaga parkir tamu hotel parkir ha basement
HUB2U Coworking Space,https://www.instagram.com/hub2u.id/?hl=en,2145878111,Coworking space,106,4.0,106.9006047,-6.1676388,Yes,Yes,No,Yes,Yes,No,100000,8,Small,Jl. Boulevard Raya Blok TT2 No.17. RT.10/RW.15. Klp. Gading Tim.. Kec. Klp. Gading. Kota Jkt Utara. Daerah Khusus Ibukota Jakarta 14240,Jakarta Utara,"Tempat bekerja ideal yang nyaman dan produktif, Coworking Space, paling murah se-DKI Jakarta, fasilitas dan layanannya gak sebanding dengan harga yang terbilang cukup mahal, Space buat parkir di depan juga sempit dan kepanggang oleh matahari, Untuk parkir motor aja susah, apalagi mobil, Disarankan untuk tidak membawa mobil sendiri ketika datang ke sini, karena slot parkir sangat terbatas","https://coworker.imgix.net/photos/indonesia/jakarta/hub2u-coworking-space/2.jpeg?w=800&h=0&q=90&auto=format,compress&fit=crop&mark=/template/img/wm_icon.png&markscale=5&markalign=center,middle",tempat bekerja ideal yang nyaman dan produktif coworking space paling murah se dki jakarta fasilitas dan layanan gak sebanding dengan harga yang terbilang cukup mahal space buat parkir di depan juga sempit dan kepanggang oleh matahari untuk parkir motor aja susah apalagi mobil disarankan untuk tidak membawa mobil sendiri ketika datang ke sini karena slot parkir sangat terbatas,ideal nyaman produktif coworking space murah dki jakarta fasilitas layan gak banding harga bilang mahal space parkir sempit panggang matahari parkir motor aja susah mobil saran bawa mobil slot parkir batas
ke:kini ruang bersama,https://www.instagram.com/kekinicoworking/?hl=en,816713600,Coworking space,328,4.4,106.8371413,-6.188207,Yes,No,No,Yes,Yes,No,150000,10,Small,Jalan Cikini Raya No 45 Cikini Menteng RT.16. RT.16/RW.1. Cikini. Kec. Menteng. Kota Jakarta Pusat. Daerah Khusus Ibukota Jakarta 10330,Jakarta Pusat,"Tempatnya sangat strategis dan mudah diakses dgn berbagai moda transportation massal, Nyaman buat kerja atau meeting, Juga ada kopi enak, Tempatnya nyaman. Cepat akses internet nya, Area parkir terbatas, sempit, Tempat lumayan cozy tp sempit dan parkir susah, Parkir bisa menjadi tantangan, Sulit mencari tempat parkir","https://coworker.imgix.net/photos/indonesia/jakarta/kekini-ruang-bersama/3.jpg?w=800&h=0&q=90&auto=format,compress&fit=crop&mark=/template/img/wm_icon.png&markscale=5&markalign=center,middle",tempat sangat strategis dan mudah diakses dgn berbagai moda transportation massal nyaman buat kerja atau meeting juga ada kopi enak tempat nyaman cepat akses internet area parkir terbatas sempit tempat lumayan cozy tp sempit dan parkir susah parkir bisa menjadi tantangan sulit mencari tempat parkir,strategis mudah akses dgn moda transportation massal nyaman meeting kopi nyaman cepat akses internet area parkir batas sempit lumayan cozy tp sempit parkir susah parkir tantang sulit cari parkir
Working Zone,http://workingzone.id,88211614789,Coworking space,36,4.8,106.8174564,-6.2414624,Yes,Yes,No,No,Yes,No,85000,6,Small,Nomor 42.A. Jl. Bangka Raya. Pela Mampang. Kec. Mampang Prpt.. Kota Jakarta Selatan. Daerah Khusus Ibukota Jakarta 12720,Jakarta Selatan,"Coworking space yg sangat nyaman buat bekerja, Sangat nyaman, Bagus tempatnya, Nice place to work, friendly staff and fast internet, Ini memiliki tempat parkir yang luas",https://workingzone.id/wp-content/uploads/2019/03/Meetingroom.jpg,coworking space yg sangat nyaman buat bekerja sangat nyaman bagus tempat nice place to work friendly staff and fast internet ini memiliki tempat parkir yang luas,coworking space yg nyaman nyaman bagus nice place to work friendly staff and fast internet milik parkir luas
Golden Ballroom - The Sultan Hotel & Residence Jakarta,http://sultanjakarta.com,215703600,Convention center,363,4.8,106.8099382,-6.2173852,Yes,Yes,Yes,No,Yes,Yes,450000,140,Large,Jl. Gatot Subroto. RT.1/RW.3. Gelora. Kecamatan Tanah Abang. Kota Jakarta Pusat. Daerah Khusus Ibukota Jakarta 10270,Jakarta Pusat,"Lokasi di pusat kota, Very comfortable, Good venue, strategic location, good sound system too, Strategis, luas parkirnya, good hospitality dr petugasnya, sangat rekomendasi jika ada eventÂ² besar dan parkirnya sangat luas",https://myvenue.id/wp-content/uploads/2020/09/Ballroom-3-13-Wedding-Hall-Ruang-Rapat-scaled.jpg,lokasi di pusat kota very comfortable good venue strategic location good sound system too strategis luas parkir good hospitality dr petugas sangat rekomendasi jika ada event besar dan parkir sangat luas,lokasi pusat kota very comfortable good venue strategic location good sound system too strategis luas parkir good hospitality dr tugas rekomendasi event parkir luas
GoWork Coworking and Office Space,http://go-work.com,2130006718,Coworking space,296,4.7,106.822788,-6.1993051,Yes,Yes,No,Yes,Yes,No,125000,12,Small,Chubb Square. 9th Floor. Jl. M.H. Thamrin No.10. RT.14/RW.20. Kb. Melati. Kecamatan Tanah Abang. Kota Jakarta Pusat. Daerah Khusus Ibukota Jakarta 10230,Jakarta Pusat,"Tempatnya nyaman banget, Staff nya juga friendly banget! Ditempat ini kita bisa berkarya sambil menikmati hidangan tanpa harus meninggalkan pekerjaan, karena kantor dan cafe ada dalam satu lokasi yang sama, Tempatnya strategis banget, dapat dijangkau dengan semua transportasi umum seperti kereta bandara, MRT dan juga Busway.",https://go-work.gumlet.io/assets/images/locations/gowork/chubb-square/gallery/15.jpg,tempat nyaman banget staff juga friendly banget ditempat ini kita bisa berkarya sambil menikmati hidangan tanpa harus meninggalkan pekerjaan karena kantor dan cafe ada dalam satu lokasi yang sama tempat strategis banget dapat dijangkau dengan semua transportasi umum seperti kereta bandara mrt dan juga busway,nyaman banget staff friendly banget karya nikmat hidang tinggal kantor cafe lokasi strategis banget jangkau transportasi kereta bandara mrt busway
vOffice - Office 8 (Virtual Office | Serviced Office | Meeting Room),http://voffice.co.id,81280055105,Office space rental agency,1505,4.6,106.8072141,-6.2272408,Yes,Yes,Yes,Yes,Yes,Yes,250000,8,Small,Scbd. Office 8. Jl. Jenderal Sudirman No.8. RW.3. Senayan. Kebayoran Baru. Jakarta 12190,Jakarta Selatan,"Tempat nya strategis banget, Pelayanan cepat tanggap, sangat membantu dan sangat terjangkau untuk harga yang ditawarkan dengan fasilitas yang didapat sangat pas, Tempat sangat strategis , memberikan kenyamanan juga yang terpenting, pelayanan nya sangat ramah dan baik, Tempat dan lokasi bagus, cust servicenya ramah dan fast response, parkiran cukup banyak slotnya, Parkiran mobil dan motornya luas juga, Parkiran motor tersedia, masuk melalui pintu utama di jalan senopati raya, Akses mudah dan parkir gampang, Parkir cukup nyaman, Parkir motor tamu harus di luar dan tidak boleh dikunci stang atau digembok, Parkir luas, ada ATM, parkir luas, parkir mudahTempat parkir sepeda motor hanya untuk anggota",https://voffice.co.id/jakarta-virtual-office/images/gallery/meeting-room/mr-office8.jpg,tempat strategis banget pelayanan cepat tanggap sangat membantu dan sangat terjangkau untuk harga yang ditawarkan dengan fasilitas yang didapat sangat pas tempat sangat strategis memberikan kenyamanan juga yang terpenting pelayanan sangat ramah dan baik tempat dan lokasi bagus cust service ramah dan fast response parkiran cukup banyak slot parkiran mobil dan motor luas juga parkiran motor tersedia masuk melalui pintu utama di jalan senopati raya akses mudah dan parkir gampang parkir cukup nyaman parkir motor tamu harus di luar dan tidak boleh dikunci stang atau digembok parkir luas ada atm parkir luas parkir mudahtempat parkir sepeda motor ha untuk anggota,strategis banget layan cepat tanggap bantu jangkau harga tawar fasilitas pas strategis nyaman layan ramah lokasi bagus cust service ramah fast response parkir slot parkir mobil motor luas parkir motor sedia pintu utama jalan senopati raya akses mudah parkir gampang parkir nyaman parkir motor tamu kunci stang gembok parkir luas atm parkir luas parkir mudahtempat parkir sepeda motor ha anggota
Hotel Amaris Meeting Room,https://amarishotel.com/id/hotel/amaris-hotel-mangga-besar/,216262908,Meeting room,2,3.5,106.8189623,-6.1494072,Yes,Yes,Yes,Yes,Yes,Yes,375000,15,Small,Jl. Raya Mangga Besar No.6. RT.6/RW.5. Mangga Besar. Kec. Taman Sari. Kota Jakarta Barat. Daerah Khusus Ibukota Jakarta 11170,Jakarta barat,"Bagus rapi & ramah, murah lagi, Parkiran cukup kecil, tapi kalau hujan aman karna drop off aman dr hujan","https://foto.hrsstatic.com/fotos/0/3/1090/700/80/000000/http%3A%2F%2Ffoto-origin.hrsstatic.com%2Ffoto%2F5%2F8%2F1%2F0%2F581039%2F581039_b02_3135303.jpg/JCKdfHz%2BXscfqfpBhVNMtw%3D%3D/2048,1536/6/Amaris_Hotel_Mangga_Besar-Jakarta-Besprechungszimmer-2-581039.jpg",bagus rapi ramah murah lagi parkiran cukup kecil tapi kalau hujan aman karna drop off aman dr hujan,bagus rapi ramah murah parkir hujan aman karna drop off aman dr hujan
MARQUEE - Cyber â€‹â€‹2,http://marqueeoffices.com,2175999999,Office space rental agency,91,4.6,106.8323666,-6.226387,Yes,Yes,Yes,Yes,Yes,No,150000,8,Small,Cyber2 Tower. 17th-18th Floor. Jl. H. R. Rasuna Said Blok X-5. RT.7/RW.2. Kuningan. Kuningan Tim.. Kecamatan Setiabudi. Kota Jakarta Selatan. Daerah Khusus Ibukota Jakarta 12950,Jakarta Selatan,"Executive Office, Virtual Office, Cohost yang sangat berkembang, nyaman, dan ramah, Servicenya bagus banget, tempat nya juga nyaman & bersih banget, Kantornya nyaman dan akses internetnya cepat, Tempat meeting terbaik, dengan pemandangan yg indah, parkir bayar mahal",https://marqueeoffices.com/images/service/meet-back.png,executive office virtual office cohost yang sangat berkembang nyaman dan ramah service bagus banget tempat juga nyaman bersih banget kantor nyaman dan akses internet cepat tempat meeting terbaik dengan pemandangan yg indah parkir bayar mahal,executive office virtual office cohost kembang nyaman ramah service bagus banget nyaman bersih banget kantor nyaman akses internet cepat meeting pandang yg indah parkir bayar mahal
vOffice - East Rawamangun (Virtual Office | Serviced Office | Meeting Room),http://voffice.co.id,81280055105,Office space rental agency,46,4.8,106.8908071,-6.197018673,Yes,Yes,Yes,Yes,Yes,Yes,250000,8,Small,"Jl. Perserikatan No.1, RT.2/RW.8, Rawamangun, Kec. Pulo Gadung, Kota Jakarta Timur, Daerah Khusus Ibukota Jakarta 13220",Jakarta Timur,"Service office yang lengkap fasilitasnya, Pelayanan dan smoking area ok, Tempat nyaman untuk bekerja, Pelayanan ramah, dan mau bantu data-data jika ada yg kurang, Responsif, Tempat parkir terbatas untuk mobil, dan kurangnya perawatan di dalam gedung.",https://voffice.co.id/jakarta-virtual-office/images/gallery/meeting-room/mr-menara-rajawali.jpg,service office yang lengkap fasilitas pelayanan dan smoking area ok tempat nyaman untuk bekerja pelayanan ramah dan mau bantu data data jika ada yg kurang responsif tempat parkir terbatas untuk mobil dan kurang perawatan di dalam gedung,service office lengkap fasilitas layan smoking area ok nyaman layan ramah bantu data data yg responsif parkir batas mobil awat gedung
EastSquare Business Center,https://www.eastsquare.biz/,8128095500,Meeting room,38,4.4,106.8944942,-6.193699904,No,No,Yes,Yes,No,Yes,150000,6,Small,"Jl. Pemuda No.65, Rawamangun, Jakarta Timur",Jakarta Timur,"Tempatnya nyaman untuk berkerja dengan pelayanan yang bagus, sangat direkomendasikan untuk yang mencari coworking space di sekitaran rawamangun, Wilayah strategis, banyak akses transportasi disekitarnya, Kantornya bagus, resepsionis supel, Kantor apik, harga standar, Kantor yang strategis lokasinya.",https://www.eastsquare.biz/wp-content/uploads/2019/09/meetng-room-1024x590.jpeg,tempat nyaman untuk berkerja dengan pelayanan yang bagus sangat direkomendasikan untuk yang mencari coworking space di sekitaran rawamangun wilayah strategis banyak akses transportasi disekitar kantor bagus resepsionis supel kantor apik harga standar kantor yang strategis lokasi,nyaman layan bagus rekomendasi cari coworking space rawamangun wilayah strategis akses transportasi kantor bagus resepsionis supel kantor apik harga standar kantor strategis lokasi
Kecapi Meeting Room Santika Hotel TMII,https://www.mysantika.com/,2129378500,Hotel,9,4.7,106.8866947,-6.302934328,Yes,Yes,Yes,Yes,Yes,Yes,500000,60,Large,"Jl. Hankam Raya No.46, RT.1/RW.2, Ceger, Kec. Cipayung, Kota Jakarta Timur, Daerah Khusus Ibukota Jakarta 13820",Jakarta Timur,"Ruang meeting lumayan besar Dan AC nya dingin banget, Keren musholla nya samping Ruang meeting, Mantap, Keren tempatnya.","https://ik.imagekit.io/tvlk/blog/2020/03/Hotel-Santika-Taman-Mini-Indonesia-Indah.jpeg?tr=dpr-2,w-675",ruang meeting lumayan besar dan ac dingin banget keren musholla samping ruang meeting mantap keren tempat,ruang meeting lumayan ac dingin banget keren musholla samping ruang meeting mantap keren
Balairung Meeting Room,http://balairung-hotel.co.id/,2185917217,Hotel,7,4.4,106.8548808,-6.199692838,Yes,Yes,Yes,Yes,Yes,Yes,400000,100,Large,"Jl. Matraman Raya No.19, RT.1/RW.1, Palmeriam, Kec. Matraman, Kota Jakarta Timur, Daerah Khusus Ibukota Jakarta 13320",Jakarta Timur,"Di depan gedung ini terdapat halte busway, tempat meeting",https://ak-d.tripcdn.com/images/0224u120009vazp34FB6B_Z_1080_808_R5_D.jpg,di depan gedung ini terdapat halte busway tempat meeting,gedung halte busway meeting
iOffice - Jakarta (Virtual Office | Serviced Office | Meeting Room | IT Training),http://ioffice.co.id/,81212341673,Office space rental agency,3,5.0,106.8856659,-6.192790806,Yes,Yes,Yes,Yes,No,No,120000,20,Medium,"Jl. Pemuda No.15, RT.8/RW.4, Rawamangun, Kec. Pulo Gadung, Kota Jakarta Timur, Daerah Khusus Ibukota Jakarta 13220",Jakarta Timur,"Tempatnya strategis, dan nyaman, harga worth it. ",http://ioffice.co.id/wp-content/uploads/2021/03/slide1-scaled.jpg,tempat strategis dan nyaman harga worth it,strategis nyaman harga worth it
Vin & Co.Working,https://vincoworking.id/,81386468028,Meeting room,32,4.9,106.8827501,-6.226598323,Yes,Yes,Yes,No,No,No,100000,16,Small,Jl. Raya Cipinang Besar Selatan No. 8 - Gedung Vinoti Living,Jakarta Timur,"Lokasi sangat strategis, dan mudah dijangkau, Tempatnya nyaman  akses ke lokasi gampang, Tempat enak dan nyaman buat kerja dan berkegiatan baik di outdoor maupun indoor, Tempatnya menarik, harganya asyik, lokasi strategis, enak buat kerja. Tempat yg flexible dan nyaman",https://vincoworking.id/assets/images/gallery/10.jpg?v=1582183254395,lokasi sangat strategis dan mudah dijangkau tempat nyaman akses ke lokasi gampang tempat enak dan nyaman buat kerja dan berkegiatan baik di outdoor maupun indoor tempat menarik harga asyik lokasi strategis enak buat kerja tempat yg flexible dan nyaman,lokasi strategis mudah jangkau nyaman akses lokasi gampang nyaman giat outdoor indoor tarik harga asyik lokasi strategis yg flexible nyaman
Reneospace,https://www.instagram.com/reneospace/,2122088851,Coworking space,157,4.8,106.8990555,-6.241557965,Yes,No,Yes,Yes,No,No,100000,10,Small,"Jl. Pondok Bambu Batas Bambu No.14, RT.3/RW.12, Pd. Bambu, Kec. Duren Sawit, Kota Jakarta Timur, Daerah Khusus Ibukota Jakarta 13430",Jakarta Timur,"Tempatnya nyaman, Cocok untuk yang ingin menyewa kantor atau tempat meeting di sekitaran Jakarta Timur, Tempatnya cozy banget, Cocok buat meeting bareng klien, atau buat ngumpul bareng komunitas, Terletak satu area dengan klinik, Ada coffeshop di pintu masuk yang bikin suasananya wangi kopi, Multifunction roomnya enak dan adem,  homy banget suasananya, Tempatnya nyaman, lingkungannya pun tenang tepat untuk meeting maupun utk mengerjakan tugas akhir, Parkiran aman.",https://www.rukita.co/stories/wp-content/uploads/2020/01/coworking-space-jaktim-1.jpg,tempat nyaman cocok untuk yang ingin menyewa kantor atau tempat meeting di sekitaran jakarta timur tempat cozy banget cocok buat meeting bareng klien atau buat ngumpul bareng komunitas terletak satu area dengan klinik ada coffeshop di pintu masuk yang bikin suasana wangi kopi multifunction room enak dan adem homy banget suasana tempat nyaman lingkungan pun tenang tepat untuk meeting maupun utk mengerjakan tugas akhir parkiran aman,nyaman cocok sewa kantor meeting jakarta timur cozy banget cocok meeting bareng klien ngumpul bareng komunitas letak area klinik coffeshop pintu bikin suasana wangi kopi multifunction room adem homy banget suasana nyaman lingkung tenang meeting utk tugas parkir aman
